-- data_20260724072240_2026-07-24-research-matrix-completion.sql
-- Data migration generated by scripts/emit_data_migration.py
-- Session:    session_2026-07-24-research-matrix-completion
-- Generated:  2026-07-24T07:22:40+00:00
-- Summary:    research-matrix batch 6: OT-frameworks/visual-alerting/POE/haptic cells + REF-00933 Bass, REF-00934 NFPA72, REF-00935 Elf
--
-- This file is forward-only and immutable once committed. If a correction is
-- needed, emit a NEW data migration that compensates — do not edit this file.

BEGIN TRANSACTION;

-- Research-matrix batch 6: 6 rows (2 deferred) + REF-00933 Bass PEOP, REF-00934 NFPA 72 (code), REF-00935 Elf SR.
INSERT INTO evidence_sources (ref_id,source_type,first_author_last,first_author_first,author_count,author_count_is_complete,is_corporate_primary,pub_year,pub_title,journal_name,doi,url,jurisdiction,language,lang_detected,tier,evidence_type,scope,verification_status,metadata_quality,doi_resolution_outcome,url_resolution_outcome,verified_by_tool,last_verified_at,prior_expectation,search_queries_used,notes,created_at,created_by_session,updated_at,updated_by_session) VALUES ('REF-00933','journal_article','Bass','Julie',4,1,0,2024,'Application of the Person-Environment-Occupation-Performance Model: A Scoping Review','OTJR: Occupational Therapy Journal of Research','10.1177/15394492241238951','https://doi.org/10.1177/15394492241238951','US','en','en',3,'clinical','lower_control','VERIFIED','COMPLETE','RESOLVED','RESOLVED','scholar_gateway','2026-07-24T07:24:00+00:00','Expected OT built-environment frameworks to cluster on PEO/PEOP; searched to anchor the framework''s evidence base and its environmental-barrier application.','WebSearch: occupational therapy Person-Environment-Occupation model built environment accessibility framework evidence','Scoping review of PEOP-model applications (109 articles) incl. environmental-barrier removal. Tier 3 framework review. Filed to ot-frameworks-built-environment.','2026-07-24T07:24:00+00:00','session_2026-07-24-research-matrix-completion','2026-07-24T07:24:00+00:00','session_2026-07-24-research-matrix-completion');
INSERT INTO evidence_sources (ref_id,source_type,first_author_last,first_author_first,author_count,author_count_is_complete,is_corporate_primary,pub_year,pub_title,journal_name,doi,url,jurisdiction,language,lang_detected,tier,evidence_type,scope,verification_status,metadata_quality,doi_resolution_outcome,url_resolution_outcome,verified_by_tool,last_verified_at,prior_expectation,search_queries_used,notes,created_at,created_by_session,updated_at,updated_by_session) VALUES ('REF-00935','journal_article','Elf','Marie',4,1,0,2017,'A systematic review of the psychometric properties of instruments evaluating the quality of the physical environment in health care','Journal of Advanced Nursing','10.1111/jan.13281','https://doi.org/10.1111/jan.13281','SE','en','en',2,'sr_meta','lower_control','VERIFIED','COMPLETE','RESOLVED','RESOLVED','scholar_gateway','2026-07-24T07:24:00+00:00','Expected post-occupancy / environment-evaluation to lack validated instruments; searched to anchor a systematic review of the psychometrics of built-environment evaluation tools.','Scholar Gateway: post-occupancy evaluation methods accessibility inclusive design building performance disabled users','Systematic review of psychometric properties of physical-environment evaluation instruments. Tier 2 (SR). Filed to post-occupancy-evaluation-global.','2026-07-24T07:24:00+00:00','session_2026-07-24-research-matrix-completion','2026-07-24T07:24:00+00:00','session_2026-07-24-research-matrix-completion');
INSERT INTO evidence_sources (ref_id,source_type,is_corporate_primary,author_display,pub_year,pub_title,standard_number,publisher,url,jurisdiction,language,lang_detected,tier,evidence_type,scope,verification_status,metadata_quality,url_resolution_outcome,verified_by_tool,last_verified_at,prior_expectation,search_queries_used,notes,created_at,created_by_session,updated_at,updated_by_session) VALUES ('REF-00934','code',1,'National Fire Protection Association (NFPA)',2022,'National Fire Alarm and Signaling Code (visible notification appliances)','NFPA 72','NFPA','https://www.nfpa.org/codes-and-standards/nfpa-72-standard-development/72','US','en','en',5,'code','national','VERIFIED','COMPLETE-STATUTORY','RESOLVED','web','2026-07-24T07:24:00+00:00','Expected visible-alarm requirements for deaf/HoH occupants to be code-specified (candela, mounting, synchronization); searched to anchor the canonical US notification-appliance code.','WebSearch: visual alarm strobe NFPA 72 deaf hard of hearing candela synchronization notification appliance','NFPA 72 visible notification: candela ratings (>=75cd general; 110cd sleeping-area wall >24in from ceiling); strobes synchronized within 10ms when >2 in view. Tier 5 US national code — regulatory stratum, weak-band only. Filed to visual-alerting-and-wayfinding-light.','2026-07-24T07:24:00+00:00','session_2026-07-24-research-matrix-completion','2026-07-24T07:24:00+00:00','session_2026-07-24-research-matrix-completion');
INSERT INTO evidence_source_authors (ref_id,position,last_name,first_name,is_corporate,created_at,created_by_session) VALUES ('REF-00933',1,'Bass','Julie',0,'2026-07-24T07:24:00+00:00','session_2026-07-24-research-matrix-completion');
INSERT INTO evidence_source_authors (ref_id,position,last_name,first_name,is_corporate,created_at,created_by_session) VALUES ('REF-00933',2,'Marchant','Josephine',0,'2026-07-24T07:24:00+00:00','session_2026-07-24-research-matrix-completion');
INSERT INTO evidence_source_authors (ref_id,position,last_name,first_name,is_corporate,created_at,created_by_session) VALUES ('REF-00933',3,'de Sam Lazaro','Stephanie',0,'2026-07-24T07:24:00+00:00','session_2026-07-24-research-matrix-completion');
INSERT INTO evidence_source_authors (ref_id,position,last_name,first_name,is_corporate,created_at,created_by_session) VALUES ('REF-00933',4,'Baum','Carolyn',0,'2026-07-24T07:24:00+00:00','session_2026-07-24-research-matrix-completion');
INSERT INTO evidence_source_authors (ref_id,position,last_name,first_name,is_corporate,created_at,created_by_session) VALUES ('REF-00935',1,'Elf','Marie',0,'2026-07-24T07:24:00+00:00','session_2026-07-24-research-matrix-completion');
INSERT INTO evidence_source_authors (ref_id,position,last_name,first_name,is_corporate,created_at,created_by_session) VALUES ('REF-00935',2,'Nordin','Susanna',0,'2026-07-24T07:24:00+00:00','session_2026-07-24-research-matrix-completion');
INSERT INTO evidence_source_authors (ref_id,position,last_name,first_name,is_corporate,created_at,created_by_session) VALUES ('REF-00935',3,'Wijk','Helle',0,'2026-07-24T07:24:00+00:00','session_2026-07-24-research-matrix-completion');
INSERT INTO evidence_source_authors (ref_id,position,last_name,first_name,is_corporate,created_at,created_by_session) VALUES ('REF-00935',4,'McKee','Kevin',0,'2026-07-24T07:24:00+00:00','session_2026-07-24-research-matrix-completion');
INSERT INTO source_slug_links (ref_id,slug,local_ref_id,created_at,created_by_session,updated_at,updated_by_session,relevance_note) VALUES ('REF-00933','ot-frameworks-built-environment','OTF-05','2026-07-24T07:24:00+00:00','session_2026-07-24-research-matrix-completion','2026-07-24T07:24:00+00:00','session_2026-07-24-research-matrix-completion','PEOP-model scoping review; Tier 3 framework. Filed to ot-frameworks-built-environment.');
INSERT INTO source_slug_links (ref_id,slug,local_ref_id,created_at,created_by_session,updated_at,updated_by_session,relevance_note) VALUES ('REF-00934','visual-alerting-and-wayfinding-light','VAW-08','2026-07-24T07:24:00+00:00','session_2026-07-24-research-matrix-completion','2026-07-24T07:24:00+00:00','session_2026-07-24-research-matrix-completion','NFPA 72 visible-notification code (candela/sync); Tier 5 US national code (regulatory stratum). Filed to visual-alerting-and-wayfinding-light.');
INSERT INTO source_slug_links (ref_id,slug,local_ref_id,created_at,created_by_session,updated_at,updated_by_session,relevance_note) VALUES ('REF-00935','post-occupancy-evaluation-global','POE-10','2026-07-24T07:24:00+00:00','session_2026-07-24-research-matrix-completion','2026-07-24T07:24:00+00:00','session_2026-07-24-research-matrix-completion','Systematic review of physical-environment evaluation instrument psychometrics; Tier 2. Filed to post-occupancy-evaluation-global.');
INSERT INTO search_executions (slug,jurisdiction,language,target_tier,target_evidence_type,target_scope,query_text,engine,depth_method,mining_direction,results_found,results_screened,results_admitted,saturation_signal,admitted_ref_ids,deferred_reason,backfill,session,executed_at) VALUES ('ot-frameworks-built-environment','US','en',3,'clinical','lower_control','occupational therapy Person-Environment-Occupation PEOP model built environment accessibility framework','web','scoping','none',7,5,1,'partial','["REF-00933"]',NULL,0,'session_2026-07-24-research-matrix-completion','2026-07-24T07:24:00+00:00');
INSERT INTO search_executions (slug,jurisdiction,language,target_tier,target_evidence_type,target_scope,query_text,engine,depth_method,mining_direction,results_found,results_screened,results_admitted,saturation_signal,admitted_ref_ids,deferred_reason,backfill,session,executed_at) VALUES ('visual-alerting-and-wayfinding-light','US','en',5,'code','national','visual alarm strobe NFPA 72 deaf hard of hearing candela synchronization notification appliance','web','scoping','none',9,6,1,'partial','["REF-00934"]',NULL,0,'session_2026-07-24-research-matrix-completion','2026-07-24T07:24:00+00:00');
INSERT INTO search_executions (slug,jurisdiction,language,target_tier,target_evidence_type,target_scope,query_text,engine,depth_method,mining_direction,results_found,results_screened,results_admitted,saturation_signal,admitted_ref_ids,deferred_reason,backfill,session,executed_at) VALUES ('post-occupancy-evaluation-global',NULL,'en',2,'sr_meta','lower_control','post-occupancy evaluation accessibility inclusive design building performance disabled users','scholar','scoping','none',9,7,1,'partial','["REF-00935"]',NULL,0,'session_2026-07-24-research-matrix-completion','2026-07-24T07:24:00+00:00');
INSERT INTO search_executions (slug,jurisdiction,language,target_tier,target_evidence_type,target_scope,query_text,engine,depth_method,mining_direction,results_found,results_screened,results_admitted,saturation_signal,admitted_ref_ids,deferred_reason,backfill,session,executed_at) VALUES ('ecological-psychology-haptic-affordances-built-environment',NULL,'en',3,'clinical','lower_control','haptic affordances ecological psychology wayfinding blind vision-impaired built environment','scholar','scoping','none',10,5,0,'partial',NULL,'5 older articles (2017-2021); no strong recent anchor — staged for follow-up; niche affordance-theory base is thin.',0,'session_2026-07-24-research-matrix-completion','2026-07-24T07:24:00+00:00');
INSERT INTO search_executions (slug,jurisdiction,language,target_tier,target_evidence_type,target_scope,query_text,engine,depth_method,mining_direction,results_found,results_screened,results_admitted,saturation_signal,admitted_ref_ids,deferred_reason,backfill,session,executed_at) VALUES ('ot-frameworks-built-environment','ID','id',NULL,NULL,NULL,'[DEFERRED] Indonesian OT-framework query','manual','scoping','none',0,0,0,NULL,NULL,'no controlled vocabulary for ID (0 aliases); Phase-1 vocab blocker [UNVERIFIED-TERMS]',0,'session_2026-07-24-research-matrix-completion','2026-07-24T07:24:00+00:00');
INSERT INTO search_executions (slug,jurisdiction,language,target_tier,target_evidence_type,target_scope,query_text,engine,depth_method,mining_direction,results_found,results_screened,results_admitted,saturation_signal,admitted_ref_ids,deferred_reason,backfill,session,executed_at) VALUES ('post-occupancy-evaluation-global','EG','ar',NULL,NULL,NULL,'[DEFERRED] Arabic post-occupancy-evaluation query','manual','scoping','none',0,0,0,NULL,NULL,'no controlled vocabulary for AR (0 aliases); Phase-1 vocab blocker [UNVERIFIED-TERMS]',0,'session_2026-07-24-research-matrix-completion','2026-07-24T07:24:00+00:00');

COMMIT;
