-- data_20260720040425_2026-07-19-citation-mining-nonenglish-batch1.sql
-- Data migration generated by scripts/emit_data_migration.py
-- Session:    session_2026-07-19-citation-mining-nonenglish-batch1.md
-- Generated:  2026-07-20T04:04:25+00:00
-- Summary:    Migration-history reconciliation: capture session_2026-07-19-citation-mining-nonenglish-batch1's direct DB writes (never emitted as a migration -- GAP-290 violation) so committed data/guidebook.db reproduces from migration history
--
-- This file is forward-only and immutable once committed. If a correction is
-- needed, emit a NEW data migration that compensates — do not edit this file.

BEGIN TRANSACTION;

-- Migration-history reconciliation for session_2026-07-19-citation-mining-nonenglish-batch1
-- Per DR-2026-05-15-migration-history-drift-repair.md precedent: this session's DB
-- writes were never captured as a migration file (GAP-290 violation), surfaced by
-- audit.yml's migration-reproducibility check once source_slug_links_duplicates.py's
-- crash was fixed. All rows below already exist in the committed DB, verbatim --
-- this migration makes migration history match reality; no new data, no data change.

INSERT INTO evidence_sources (ref_id, source_type, author_count, author_count_is_complete, first_author_last, first_author_first, is_corporate_primary, author_display, pub_year, pub_year_note, pub_title, pub_subtitle, chapter_title, original_title, lang_detected, lang_detection_method, pub_title_en, pub_subtitle_en, chapter_title_en, journal_name_en, translation_method, translation_reviewed, journal_name, journal_abbrev, volume, issue, pages_start, pages_end, article_number, publisher, publisher_location, edition, book_title, series, series_number, report_number, institution, standard_number, doi, pmid, pmcid, isbn, issn, url, url_accessed, handle, local_id, tier, evidence_type, jurisdiction, co1_provenance, co1_source_type, synthesis_attribution_required, metadata_quality, verification_status, doi_resolution_outcome, bpc_shorthand, bpc_note, grey_flag, grey_reason, verification_note, prior_expectation, search_queries_used, derivation_chain, notes, created_at, created_by_session, updated_at, updated_by_session, verified_by_tool, last_verified_at, verification_attempt_count, superseded_by_ref_id, pages, pub_month, language, subtype, citation_count, url_resolution_outcome, url_last_fetched, url_match_similarity, metadata_integrity_status, metadata_integrity_detail, code_currency_status, code_currency_verified_at, code_currency_verified_by_session, code_currency_notes, scope) VALUES
('REF-00773', NULL, NULL, 0, NULL, NULL, 0, 'Sonenblum SE, Sprigle S, Lopez RA', 2012, NULL, 'Manual wheelchair use: bouts of mobility in everyday life', NULL, NULL, NULL, 'en', 'native_title_verified', NULL, NULL, NULL, NULL, NULL, 0, NULL, NULL, NULL, NULL, NULL, NULL, NULL, NULL, NULL, NULL, NULL, NULL, NULL, NULL, NULL, NULL, '10.1155/2012/753165', NULL, NULL, NULL, NULL, NULL, NULL, NULL, NULL, 3, 'clinical', NULL, NULL, NULL, NULL, 'COMPLETE', 'VERIFIED', NULL, NULL, NULL, 0, NULL, NULL, NULL, NULL, NULL, NULL, '2026-07-19 23:42', 'session_2026-07-19-citation-mining-nonenglish-batch1', '2026-07-20T00:19:55Z', 'session_2026-07-19-lang-detected-backfill', NULL, NULL, 0, NULL, NULL, NULL, NULL, NULL, NULL, NULL, NULL, NULL, NULL, NULL, NULL, NULL, NULL, NULL, NULL),
('REF-00774', NULL, NULL, 0, NULL, NULL, 0, 'Hwang S et al', 2017, NULL, 'Relationship between linear velocity and tangential push force while turning a manual wheelchair', NULL, NULL, NULL, 'en', 'native_title_verified', NULL, NULL, NULL, NULL, NULL, 0, NULL, NULL, NULL, NULL, NULL, NULL, NULL, NULL, NULL, NULL, NULL, NULL, NULL, NULL, NULL, NULL, '10.1515/bmt-2015-0173', NULL, NULL, NULL, NULL, NULL, NULL, NULL, NULL, 1, 'clinical', NULL, NULL, NULL, NULL, 'COMPLETE', 'VERIFIED', NULL, NULL, NULL, 0, NULL, NULL, NULL, NULL, NULL, NULL, '2026-07-19 23:42', 'session_2026-07-19-citation-mining-nonenglish-batch1', '2026-07-20T00:19:55Z', 'session_2026-07-19-lang-detected-backfill', NULL, NULL, 0, NULL, NULL, NULL, NULL, NULL, NULL, NULL, NULL, NULL, NULL, NULL, NULL, NULL, NULL, NULL, NULL),
('REF-00775', NULL, NULL, 0, NULL, NULL, 0, 'Nagy A et al', 2012, NULL, 'Pushrim kinetics during advanced wheelchair skills in manual wheelchair users', NULL, NULL, NULL, 'en', 'native_title_verified', NULL, NULL, NULL, NULL, NULL, 0, NULL, NULL, NULL, NULL, NULL, NULL, NULL, NULL, NULL, NULL, NULL, NULL, NULL, NULL, NULL, NULL, '10.1310/sci1802-140', NULL, NULL, NULL, NULL, NULL, NULL, NULL, NULL, 1, 'clinical', NULL, NULL, NULL, NULL, 'COMPLETE', 'VERIFIED', NULL, NULL, NULL, 0, NULL, NULL, NULL, NULL, NULL, NULL, '2026-07-19 23:42', 'session_2026-07-19-citation-mining-nonenglish-batch1', '2026-07-20T00:19:55Z', 'session_2026-07-19-lang-detected-backfill', NULL, NULL, 0, NULL, NULL, NULL, NULL, NULL, NULL, NULL, NULL, NULL, NULL, NULL, NULL, NULL, NULL, NULL, NULL),
('REF-00776', NULL, NULL, 0, NULL, NULL, 0, 'Boninger ML et al', 1997, NULL, 'Three-dimensional pushrim forces during two speeds of wheelchair propulsion', NULL, NULL, NULL, 'en', 'native_title_verified', NULL, NULL, NULL, NULL, NULL, 0, NULL, NULL, NULL, NULL, NULL, NULL, NULL, NULL, NULL, NULL, NULL, NULL, NULL, NULL, NULL, NULL, '10.1097/00002060-199709000-00013', NULL, NULL, NULL, NULL, NULL, NULL, NULL, NULL, 1, 'clinical', NULL, NULL, NULL, NULL, 'COMPLETE', 'VERIFIED', NULL, NULL, NULL, 0, NULL, NULL, NULL, NULL, NULL, NULL, '2026-07-19 23:42', 'session_2026-07-19-citation-mining-nonenglish-batch1', '2026-07-20T00:19:55Z', 'session_2026-07-19-lang-detected-backfill', NULL, NULL, 0, NULL, NULL, NULL, NULL, NULL, NULL, NULL, NULL, NULL, NULL, NULL, NULL, NULL, NULL, NULL, NULL),
('REF-00777', NULL, NULL, 0, NULL, NULL, 0, 'Togni A et al', 2022, NULL, 'Turning in circles: understanding manual wheelchair use', NULL, NULL, NULL, 'en', 'native_title_verified', NULL, NULL, NULL, NULL, NULL, 0, NULL, NULL, NULL, NULL, NULL, NULL, NULL, NULL, NULL, NULL, NULL, NULL, NULL, NULL, NULL, NULL, '10.3389/fbioe.2022.831528', NULL, NULL, NULL, NULL, NULL, NULL, NULL, NULL, 1, 'clinical', NULL, NULL, NULL, NULL, 'COMPLETE', 'VERIFIED', NULL, NULL, NULL, 0, NULL, NULL, NULL, NULL, NULL, NULL, '2026-07-19 23:42', 'session_2026-07-19-citation-mining-nonenglish-batch1', '2026-07-20T00:19:55Z', 'session_2026-07-19-lang-detected-backfill', NULL, NULL, 0, NULL, NULL, NULL, NULL, NULL, NULL, NULL, NULL, NULL, NULL, NULL, NULL, NULL, NULL, NULL, NULL),
('REF-00778', NULL, NULL, 0, NULL, NULL, 0, 'Lin JT et al', 2020, NULL, 'The influence of operator and wheelchair factors on wheelchair propulsion effort', NULL, NULL, NULL, 'en', 'native_title_verified', NULL, NULL, NULL, NULL, NULL, 0, NULL, NULL, NULL, NULL, NULL, NULL, NULL, NULL, NULL, NULL, NULL, NULL, NULL, NULL, NULL, NULL, '10.1080/17483107.2019.1578425', NULL, NULL, NULL, NULL, NULL, NULL, NULL, NULL, 1, 'clinical', NULL, NULL, NULL, NULL, 'COMPLETE', 'VERIFIED', NULL, NULL, NULL, 0, NULL, NULL, NULL, NULL, NULL, NULL, '2026-07-19 23:42', 'session_2026-07-19-citation-mining-nonenglish-batch1', '2026-07-20T00:19:55Z', 'session_2026-07-19-lang-detected-backfill', NULL, NULL, 0, NULL, NULL, NULL, NULL, NULL, NULL, NULL, NULL, NULL, NULL, NULL, NULL, NULL, NULL, NULL, NULL),
('REF-00779', NULL, NULL, 0, NULL, NULL, 0, 'MacPhee AH et al', 2001, NULL, 'The effect of knee-flexion angle on wheelchair turning performance', NULL, NULL, NULL, 'en', 'native_title_verified', NULL, NULL, NULL, NULL, NULL, 0, NULL, NULL, NULL, NULL, NULL, NULL, NULL, NULL, NULL, NULL, NULL, NULL, NULL, NULL, NULL, NULL, '10.1016/S1350-4533(01)00024-8', NULL, NULL, NULL, NULL, NULL, NULL, NULL, NULL, 1, 'clinical', NULL, NULL, NULL, NULL, 'COMPLETE', 'VERIFIED', NULL, NULL, NULL, 0, NULL, NULL, NULL, NULL, NULL, NULL, '2026-07-19 23:42', 'session_2026-07-19-citation-mining-nonenglish-batch1', '2026-07-20T00:19:55Z', 'session_2026-07-19-lang-detected-backfill', NULL, NULL, 0, NULL, NULL, NULL, NULL, NULL, NULL, NULL, NULL, NULL, NULL, NULL, NULL, NULL, NULL, NULL, NULL),
('REF-00780', NULL, NULL, 0, NULL, NULL, 0, 'Caspall JJ et al', 2013, NULL, 'Changes in inertia and effect on turning effort across different wheelchair configurations', NULL, NULL, NULL, 'en', 'native_title_verified', NULL, NULL, NULL, NULL, NULL, 0, NULL, NULL, NULL, NULL, NULL, NULL, NULL, NULL, NULL, NULL, NULL, NULL, NULL, NULL, NULL, NULL, '10.1682/JRRD.2012.12.0219', NULL, NULL, NULL, NULL, NULL, NULL, NULL, NULL, 1, 'clinical', NULL, NULL, NULL, NULL, 'COMPLETE', 'VERIFIED', NULL, NULL, NULL, 0, NULL, NULL, NULL, NULL, NULL, NULL, '2026-07-19 23:42', 'session_2026-07-19-citation-mining-nonenglish-batch1', '2026-07-20T00:19:55Z', 'session_2026-07-19-lang-detected-backfill', NULL, NULL, 0, NULL, NULL, NULL, NULL, NULL, NULL, NULL, NULL, NULL, NULL, NULL, NULL, NULL, NULL, NULL, NULL),
('REF-00781', NULL, NULL, 0, NULL, NULL, 0, 'Lin JT et al', 2015, NULL, 'Evaluation of wheelchair resistive forces during straight and turning trajectories', NULL, NULL, NULL, 'en', 'native_title_verified', NULL, NULL, NULL, NULL, NULL, 0, NULL, NULL, NULL, NULL, NULL, NULL, NULL, NULL, NULL, NULL, NULL, NULL, NULL, NULL, NULL, NULL, '10.1682/JRRD.2014.10.0235', NULL, NULL, NULL, NULL, NULL, NULL, NULL, NULL, 1, 'clinical', NULL, NULL, NULL, NULL, 'COMPLETE', 'VERIFIED', NULL, NULL, NULL, 0, NULL, NULL, NULL, NULL, NULL, NULL, '2026-07-19 23:42', 'session_2026-07-19-citation-mining-nonenglish-batch1', '2026-07-20T00:19:55Z', 'session_2026-07-19-lang-detected-backfill', NULL, NULL, 0, NULL, NULL, NULL, NULL, NULL, NULL, NULL, NULL, NULL, NULL, NULL, NULL, NULL, NULL, NULL, NULL),
('REF-00782', NULL, NULL, 0, NULL, NULL, 0, 'Misch J et al', 2020, NULL, 'Modeling manual wheelchair propulsion cost during trajectories with wheelchair configuration changes', NULL, NULL, NULL, 'en', 'native_title_verified', NULL, NULL, NULL, NULL, NULL, 0, NULL, NULL, NULL, NULL, NULL, NULL, NULL, NULL, NULL, NULL, NULL, NULL, NULL, NULL, NULL, NULL, '10.1371/journal.pone.0234742', NULL, NULL, NULL, NULL, NULL, NULL, NULL, NULL, 1, 'clinical', NULL, NULL, NULL, NULL, 'COMPLETE', 'VERIFIED', NULL, NULL, NULL, 0, NULL, NULL, NULL, NULL, NULL, NULL, '2026-07-19 23:42', 'session_2026-07-19-citation-mining-nonenglish-batch1', '2026-07-20T00:19:55Z', 'session_2026-07-19-lang-detected-backfill', NULL, NULL, 0, NULL, NULL, NULL, NULL, NULL, NULL, NULL, NULL, NULL, NULL, NULL, NULL, NULL, NULL, NULL, NULL),
('REF-00783', NULL, NULL, 0, NULL, NULL, 0, 'de Klerk R et al', 2020, NULL, 'Physiological and biomechanical comparison of wheelchair propulsion modes', NULL, NULL, NULL, 'en', 'native_title_verified', NULL, NULL, NULL, NULL, NULL, 0, NULL, NULL, NULL, NULL, NULL, NULL, NULL, NULL, NULL, NULL, NULL, NULL, NULL, NULL, NULL, NULL, '10.1186/s12984-020-00767-2', NULL, NULL, NULL, NULL, NULL, NULL, NULL, NULL, 1, 'clinical', NULL, NULL, NULL, NULL, 'COMPLETE', 'VERIFIED', NULL, NULL, NULL, 0, NULL, NULL, NULL, NULL, NULL, NULL, '2026-07-19 23:42', 'session_2026-07-19-citation-mining-nonenglish-batch1', '2026-07-20T00:19:55Z', 'session_2026-07-19-lang-detected-backfill', NULL, NULL, 0, NULL, NULL, NULL, NULL, NULL, NULL, NULL, NULL, NULL, NULL, NULL, NULL, NULL, NULL, NULL, NULL),
('REF-00784', NULL, NULL, 0, NULL, NULL, 0, 'Koontz AM et al', 2010, NULL, 'Design features that affect the maneuverability of wheelchairs and scooters', NULL, NULL, NULL, 'en', 'native_title_verified', NULL, NULL, NULL, NULL, NULL, 0, NULL, NULL, NULL, NULL, NULL, NULL, NULL, NULL, NULL, NULL, NULL, NULL, NULL, NULL, NULL, NULL, '10.1016/j.apmr.2010.01.009', NULL, NULL, NULL, NULL, NULL, NULL, NULL, NULL, 1, 'clinical', NULL, NULL, NULL, NULL, 'COMPLETE', 'VERIFIED', NULL, NULL, NULL, 0, NULL, NULL, NULL, NULL, NULL, NULL, '2026-07-19 23:42', 'session_2026-07-19-citation-mining-nonenglish-batch1', '2026-07-20T00:19:55Z', 'session_2026-07-19-lang-detected-backfill', NULL, NULL, 0, NULL, NULL, NULL, NULL, NULL, NULL, NULL, NULL, NULL, NULL, NULL, NULL, NULL, NULL, NULL, NULL),
('REF-00785', NULL, NULL, 0, NULL, NULL, 0, 'Bascou J et al', 2015, NULL, 'Measurement of wheelchair adjustment effects on turning deceleration', NULL, NULL, NULL, 'en', 'native_title_verified', NULL, NULL, NULL, NULL, NULL, 0, NULL, NULL, NULL, NULL, NULL, NULL, NULL, NULL, NULL, NULL, NULL, NULL, NULL, NULL, NULL, NULL, '10.1080/10255842.2015.1075327', NULL, NULL, NULL, NULL, NULL, NULL, NULL, NULL, 1, 'clinical', NULL, NULL, NULL, NULL, 'COMPLETE', 'VERIFIED', NULL, NULL, NULL, 0, NULL, NULL, NULL, NULL, NULL, NULL, '2026-07-19 23:42', 'session_2026-07-19-citation-mining-nonenglish-batch1', '2026-07-20T00:19:55Z', 'session_2026-07-19-lang-detected-backfill', NULL, NULL, 0, NULL, NULL, NULL, NULL, NULL, NULL, NULL, NULL, NULL, NULL, NULL, NULL, NULL, NULL, NULL, NULL),
('REF-00786', NULL, NULL, 0, NULL, NULL, 0, 'Bascou J et al', 2014, NULL, 'Turning resistance of a manual wheelchair: a theoretical study', NULL, NULL, NULL, 'en', 'native_title_verified', NULL, NULL, NULL, NULL, NULL, 0, NULL, NULL, NULL, NULL, NULL, NULL, NULL, NULL, NULL, NULL, NULL, NULL, NULL, NULL, NULL, NULL, '10.1080/10255842.2014.931159', NULL, NULL, NULL, NULL, NULL, NULL, NULL, NULL, 3, 'clinical', NULL, NULL, NULL, NULL, 'COMPLETE', 'VERIFIED', NULL, NULL, NULL, 0, NULL, NULL, NULL, NULL, NULL, NULL, '2026-07-19 23:42', 'session_2026-07-19-citation-mining-nonenglish-batch1', '2026-07-20T00:19:55Z', 'session_2026-07-19-lang-detected-backfill', NULL, NULL, 0, NULL, NULL, NULL, NULL, NULL, NULL, NULL, NULL, NULL, NULL, NULL, NULL, NULL, NULL, NULL, NULL),
('REF-00787', NULL, NULL, 0, NULL, NULL, 0, 'Fritsch V et al', 2022, NULL, 'How manual wheelchair configuration affects propulsion biomechanics', NULL, NULL, NULL, 'en', 'native_title_verified', NULL, NULL, NULL, NULL, NULL, 0, NULL, NULL, NULL, NULL, NULL, NULL, NULL, NULL, NULL, NULL, NULL, NULL, NULL, NULL, NULL, NULL, '10.3389/fresc.2022.863113', NULL, NULL, NULL, NULL, NULL, NULL, NULL, NULL, 1, 'clinical', NULL, NULL, NULL, NULL, 'COMPLETE', 'VERIFIED', NULL, NULL, NULL, 0, NULL, NULL, NULL, NULL, NULL, NULL, '2026-07-19 23:42', 'session_2026-07-19-citation-mining-nonenglish-batch1', '2026-07-20T00:19:55Z', 'session_2026-07-19-lang-detected-backfill', NULL, NULL, 0, NULL, NULL, NULL, NULL, NULL, NULL, NULL, NULL, NULL, NULL, NULL, NULL, NULL, NULL, NULL, NULL),
('REF-00788', NULL, NULL, 0, NULL, NULL, 0, 'Heylighen A', 2008, NULL, 'Sustainable and inclusive design: a matter of knowledge?', NULL, NULL, NULL, 'en', 'native_title_verified', NULL, NULL, NULL, NULL, NULL, 0, NULL, NULL, NULL, NULL, NULL, NULL, NULL, NULL, NULL, NULL, NULL, NULL, NULL, NULL, NULL, NULL, '10.1080/13549830802259938', NULL, NULL, NULL, NULL, NULL, NULL, NULL, NULL, 3, 'clinical', NULL, NULL, NULL, NULL, 'COMPLETE', 'VERIFIED', NULL, NULL, NULL, 0, NULL, NULL, NULL, NULL, NULL, NULL, '2026-07-19 23:42', 'session_2026-07-19-citation-mining-nonenglish-batch1', '2026-07-20T00:19:55Z', 'session_2026-07-19-lang-detected-backfill', NULL, NULL, 0, NULL, NULL, NULL, NULL, NULL, NULL, NULL, NULL, NULL, NULL, NULL, NULL, NULL, NULL, NULL, NULL),
('REF-00789', NULL, NULL, 0, NULL, NULL, 0, 'Hacihasanoglu O et al', 2001, NULL, 'Assessment for accessibility in housing settlements', NULL, NULL, NULL, 'en', 'native_title_verified', NULL, NULL, NULL, NULL, NULL, 0, NULL, NULL, NULL, NULL, NULL, NULL, NULL, NULL, NULL, NULL, NULL, NULL, NULL, NULL, NULL, NULL, '10.1016/S0360-1323(00)00041-X', NULL, NULL, NULL, NULL, NULL, NULL, NULL, NULL, 3, 'clinical', NULL, NULL, NULL, NULL, 'COMPLETE', 'VERIFIED', NULL, NULL, NULL, 0, NULL, NULL, NULL, NULL, NULL, NULL, '2026-07-19 23:42', 'session_2026-07-19-citation-mining-nonenglish-batch1', '2026-07-20T00:19:55Z', 'session_2026-07-19-lang-detected-backfill', NULL, NULL, 0, NULL, NULL, NULL, NULL, NULL, NULL, NULL, NULL, NULL, NULL, NULL, NULL, NULL, NULL, NULL, NULL),
('REF-00790', NULL, NULL, 0, NULL, NULL, 0, 'Heylighen A et al', 2017, NULL, 'Ten questions concerning inclusive design of the built environment', NULL, NULL, NULL, 'en', 'native_title_verified', NULL, NULL, NULL, NULL, NULL, 0, NULL, NULL, NULL, NULL, NULL, NULL, NULL, NULL, NULL, NULL, NULL, NULL, NULL, NULL, NULL, NULL, '10.1016/j.buildenv.2016.12.008', NULL, NULL, NULL, NULL, NULL, NULL, NULL, NULL, 3, 'clinical', NULL, NULL, NULL, NULL, 'COMPLETE', 'VERIFIED', NULL, NULL, NULL, 0, NULL, NULL, NULL, NULL, NULL, NULL, '2026-07-19 23:42', 'session_2026-07-19-citation-mining-nonenglish-batch1', '2026-07-20T00:19:55Z', 'session_2026-07-19-lang-detected-backfill', NULL, NULL, 0, NULL, NULL, NULL, NULL, NULL, NULL, NULL, NULL, NULL, NULL, NULL, NULL, NULL, NULL, NULL, NULL),
('REF-00791', NULL, NULL, 0, NULL, NULL, 0, 'Fletcher SA et al', 2015, NULL, 'The challenge of inclusive design in the US context', NULL, NULL, NULL, 'en', 'native_title_verified', NULL, NULL, NULL, NULL, NULL, 0, NULL, NULL, NULL, NULL, NULL, NULL, NULL, NULL, NULL, NULL, NULL, NULL, NULL, NULL, NULL, NULL, '10.1016/j.apergo.2013.03.006', NULL, NULL, NULL, NULL, NULL, NULL, NULL, NULL, 3, 'clinical', NULL, NULL, NULL, NULL, 'COMPLETE', 'VERIFIED', NULL, NULL, NULL, 0, NULL, NULL, NULL, NULL, NULL, NULL, '2026-07-19 23:42', 'session_2026-07-19-citation-mining-nonenglish-batch1', '2026-07-20T00:19:55Z', 'session_2026-07-19-lang-detected-backfill', NULL, NULL, 0, NULL, NULL, NULL, NULL, NULL, NULL, NULL, NULL, NULL, NULL, NULL, NULL, NULL, NULL, NULL, NULL),
('REF-00792', NULL, NULL, 0, NULL, NULL, 0, 'Gillespie LD et al', 2012, NULL, 'Interventions for preventing falls in older people living in the community (Cochrane Review)', NULL, NULL, NULL, 'en', 'native_title_verified', NULL, NULL, NULL, NULL, NULL, 0, NULL, NULL, NULL, NULL, NULL, NULL, NULL, NULL, NULL, NULL, NULL, NULL, NULL, NULL, NULL, NULL, '10.1002/14651858.CD007146.pub3', NULL, NULL, NULL, NULL, NULL, NULL, NULL, NULL, 2, 'sr_meta', NULL, NULL, NULL, NULL, 'COMPLETE', 'VERIFIED', NULL, NULL, NULL, 0, NULL, NULL, NULL, NULL, NULL, NULL, '2026-07-19 23:42', 'session_2026-07-19-citation-mining-nonenglish-batch1', '2026-07-20T00:19:55Z', 'session_2026-07-19-lang-detected-backfill', NULL, NULL, 0, NULL, NULL, NULL, NULL, NULL, NULL, NULL, NULL, NULL, NULL, NULL, NULL, NULL, NULL, NULL, NULL),
('REF-00793', NULL, NULL, 0, NULL, NULL, 0, 'Clemson L et al', 1999, NULL, 'Inter-rater reliability of a home fall hazards assessment tool', NULL, NULL, NULL, 'en', 'native_title_verified', NULL, NULL, NULL, NULL, NULL, 0, NULL, NULL, NULL, NULL, NULL, NULL, NULL, NULL, NULL, NULL, NULL, NULL, NULL, NULL, NULL, NULL, '10.1177/153944929901900201', NULL, NULL, NULL, NULL, NULL, NULL, NULL, NULL, 1, 'clinical', NULL, NULL, NULL, NULL, 'COMPLETE', 'VERIFIED', NULL, NULL, NULL, 0, NULL, NULL, NULL, NULL, NULL, NULL, '2026-07-19 23:42', 'session_2026-07-19-citation-mining-nonenglish-batch1', '2026-07-20T00:19:55Z', 'session_2026-07-19-lang-detected-backfill', NULL, NULL, 0, NULL, NULL, NULL, NULL, NULL, NULL, NULL, NULL, NULL, NULL, NULL, NULL, NULL, NULL, NULL, NULL),
('REF-00794', NULL, NULL, 0, NULL, NULL, 0, 'Cockayne S et al', 2018, NULL, 'Can occupational therapist-led home environmental assessment prevent falls in older people? A modified cohort randomised controlled trial protocol', NULL, NULL, NULL, 'en', 'native_title_verified', NULL, NULL, NULL, NULL, NULL, 0, NULL, NULL, NULL, NULL, NULL, NULL, NULL, NULL, NULL, NULL, NULL, NULL, NULL, NULL, NULL, NULL, '10.1136/bmjopen-2018-022488', NULL, NULL, NULL, NULL, NULL, NULL, NULL, NULL, 1, 'clinical', NULL, NULL, NULL, NULL, 'COMPLETE', 'VERIFIED', NULL, NULL, NULL, 0, NULL, NULL, NULL, NULL, NULL, NULL, '2026-07-19 23:42', 'session_2026-07-19-citation-mining-nonenglish-batch1', '2026-07-20T00:19:55Z', 'session_2026-07-19-lang-detected-backfill', NULL, NULL, 0, NULL, NULL, NULL, NULL, NULL, NULL, NULL, NULL, NULL, NULL, NULL, NULL, NULL, NULL, NULL, NULL),
('REF-00797', NULL, NULL, 0, NULL, NULL, 0, 'Landmark BF, Kirkehei I, Brurberg KG, Reinar LM', 2009, NULL, 'Botilbud til mennesker med demens (Housing for people with dementia) — systematic knowledge summary, Report no. 11-2009', NULL, NULL, NULL, 'no', 'native_title_verified', NULL, NULL, NULL, NULL, NULL, 0, NULL, NULL, NULL, NULL, NULL, NULL, NULL, NULL, NULL, NULL, NULL, NULL, NULL, NULL, NULL, NULL, NULL, NULL, NULL, NULL, NULL, 'https://www.fhi.no/publ/eldre/botilbud-til-mennesker-med-demens/', NULL, NULL, NULL, 2, 'sr_meta', 'NO', NULL, NULL, NULL, 'COMPLETE', 'VERIFIED', NULL, NULL, NULL, 0, NULL, NULL, NULL, NULL, NULL, NULL, '2026-07-19 23:46', 'session_2026-07-19-citation-mining-nonenglish-batch1', '2026-07-20T00:19:55Z', 'session_2026-07-19-lang-detected-backfill', NULL, NULL, 0, NULL, NULL, NULL, NULL, NULL, NULL, NULL, NULL, NULL, NULL, NULL, NULL, NULL, NULL, NULL, NULL),
('REF-00865', NULL, NULL, 0, NULL, NULL, 0, 'Fliess-Douer O et al', 2010, NULL, 'A systematic review of wheelchair skills tests for manual wheelchair users with a spinal cord injury', NULL, NULL, NULL, 'en', 'native_title_verified', NULL, NULL, NULL, NULL, NULL, 0, NULL, NULL, NULL, NULL, NULL, NULL, NULL, NULL, NULL, NULL, NULL, NULL, NULL, NULL, NULL, NULL, '10.1177/0269215510367981', NULL, NULL, NULL, NULL, NULL, NULL, NULL, NULL, 2, 'sr_meta', NULL, NULL, NULL, NULL, 'COMPLETE', 'VERIFIED', NULL, NULL, NULL, 0, NULL, NULL, NULL, NULL, NULL, NULL, '2026-07-19 23:42', 'session_2026-07-19-citation-mining-nonenglish-batch1', '2026-07-20T00:19:55Z', 'session_2026-07-19-lang-detected-backfill', NULL, NULL, 0, NULL, NULL, NULL, NULL, NULL, NULL, NULL, NULL, NULL, NULL, NULL, NULL, NULL, NULL, NULL, NULL),
('REF-00866', NULL, NULL, 0, NULL, NULL, 0, 'Thapar N et al', 2004, NULL, 'A pilot study of functional access to public buildings and facilities for disabled people', NULL, NULL, NULL, 'en', 'native_title_verified', NULL, NULL, NULL, NULL, NULL, 0, NULL, NULL, NULL, NULL, NULL, NULL, NULL, NULL, NULL, NULL, NULL, NULL, NULL, NULL, NULL, NULL, '10.1080/09638280310001649543', NULL, NULL, NULL, NULL, NULL, NULL, NULL, NULL, 3, 'clinical', NULL, NULL, NULL, NULL, 'COMPLETE', 'VERIFIED', NULL, NULL, NULL, 0, NULL, NULL, NULL, NULL, NULL, NULL, '2026-07-19 23:42', 'session_2026-07-19-citation-mining-nonenglish-batch1', '2026-07-20T00:19:55Z', 'session_2026-07-19-lang-detected-backfill', NULL, NULL, 0, NULL, NULL, NULL, NULL, NULL, NULL, NULL, NULL, NULL, NULL, NULL, NULL, NULL, NULL, NULL, NULL);

INSERT INTO source_slug_links (ref_id, slug, local_ref_id, created_at, created_by_session, updated_at, updated_by_session, relevance_note) VALUES
('REF-00783', 'manoeuvring-footprint-vs-turning-radius-methodology', 'MFM-21', '2026-07-19 23:42', 'session_2026-07-19-citation-mining-nonenglish-batch1', '2026-07-19 23:42', 'session_2026-07-19-citation-mining-nonenglish-batch1', NULL),
('REF-00787', 'manoeuvring-footprint-vs-turning-radius-methodology', 'MFM-25', '2026-07-19 23:42', 'session_2026-07-19-citation-mining-nonenglish-batch1', '2026-07-19 23:42', 'session_2026-07-19-citation-mining-nonenglish-batch1', NULL),
('REF-00776', 'manoeuvring-footprint-vs-turning-radius-methodology', 'MFM-14', '2026-07-19 23:42', 'session_2026-07-19-citation-mining-nonenglish-batch1', '2026-07-19 23:42', 'session_2026-07-19-citation-mining-nonenglish-batch1', NULL),
('REF-00791', 'ot-built-environment-interface', 'OTI-10', '2026-07-19 23:42', 'session_2026-07-19-citation-mining-nonenglish-batch1', '2026-07-19 23:42', 'session_2026-07-19-citation-mining-nonenglish-batch1', NULL),
('REF-00782', 'manoeuvring-footprint-vs-turning-radius-methodology', 'MFM-20', '2026-07-19 23:42', 'session_2026-07-19-citation-mining-nonenglish-batch1', '2026-07-19 23:42', 'session_2026-07-19-citation-mining-nonenglish-batch1', NULL),
('REF-00789', 'ot-built-environment-interface', 'OTI-08', '2026-07-19 23:42', 'session_2026-07-19-citation-mining-nonenglish-batch1', '2026-07-19 23:42', 'session_2026-07-19-citation-mining-nonenglish-batch1', NULL),
('REF-00790', 'ot-built-environment-interface', 'OTI-09', '2026-07-19 23:42', 'session_2026-07-19-citation-mining-nonenglish-batch1', '2026-07-19 23:42', 'session_2026-07-19-citation-mining-nonenglish-batch1', NULL),
('REF-00775', 'manoeuvring-footprint-vs-turning-radius-methodology', 'MFM-13', '2026-07-19 23:42', 'session_2026-07-19-citation-mining-nonenglish-batch1', '2026-07-19 23:42', 'session_2026-07-19-citation-mining-nonenglish-batch1', NULL),
('REF-00785', 'manoeuvring-footprint-vs-turning-radius-methodology', 'MFM-23', '2026-07-19 23:42', 'session_2026-07-19-citation-mining-nonenglish-batch1', '2026-07-19 23:42', 'session_2026-07-19-citation-mining-nonenglish-batch1', NULL),
('REF-00781', 'manoeuvring-footprint-vs-turning-radius-methodology', 'MFM-19', '2026-07-19 23:42', 'session_2026-07-19-citation-mining-nonenglish-batch1', '2026-07-19 23:42', 'session_2026-07-19-citation-mining-nonenglish-batch1', NULL),
('REF-00777', 'manoeuvring-footprint-vs-turning-radius-methodology', 'MFM-15', '2026-07-19 23:42', 'session_2026-07-19-citation-mining-nonenglish-batch1', '2026-07-19 23:42', 'session_2026-07-19-citation-mining-nonenglish-batch1', NULL),
('REF-00778', 'manoeuvring-footprint-vs-turning-radius-methodology', 'MFM-16', '2026-07-19 23:42', 'session_2026-07-19-citation-mining-nonenglish-batch1', '2026-07-19 23:42', 'session_2026-07-19-citation-mining-nonenglish-batch1', NULL),
('REF-00779', 'manoeuvring-footprint-vs-turning-radius-methodology', 'MFM-17', '2026-07-19 23:42', 'session_2026-07-19-citation-mining-nonenglish-batch1', '2026-07-19 23:42', 'session_2026-07-19-citation-mining-nonenglish-batch1', NULL),
('REF-00792', 'residential-kitchen-and-task-surfaces', '14', '2026-07-19 23:42', 'session_2026-07-19-citation-mining-nonenglish-batch1', '2026-07-19 23:42', 'session_2026-07-19-citation-mining-nonenglish-batch1', NULL),
('REF-00774', 'manoeuvring-footprint-vs-turning-radius-methodology', 'MFM-12', '2026-07-19 23:42', 'session_2026-07-19-citation-mining-nonenglish-batch1', '2026-07-19 23:42', 'session_2026-07-19-citation-mining-nonenglish-batch1', NULL),
('REF-00097', 'sensory-space-global-south', 'SSG-13', '2026-07-19T23:44:21Z', 'session_2026-07-19-citation-mining-nonenglish-batch1', '2026-07-19T23:44:21Z', 'session_2026-07-19-citation-mining-nonenglish-batch1', NULL),
('REF-00780', 'manoeuvring-footprint-vs-turning-radius-methodology', 'MFM-18', '2026-07-19 23:42', 'session_2026-07-19-citation-mining-nonenglish-batch1', '2026-07-19 23:42', 'session_2026-07-19-citation-mining-nonenglish-batch1', NULL),
('REF-00773', 'manoeuvring-footprint-vs-turning-radius-methodology', 'MFM-11', '2026-07-19 23:42', 'session_2026-07-19-citation-mining-nonenglish-batch1', '2026-07-19 23:42', 'session_2026-07-19-citation-mining-nonenglish-batch1', NULL),
('REF-00797', 'wayfinding-dementia-spatial-design', 'WDS-24', '2026-07-19 23:46', 'session_2026-07-19-citation-mining-nonenglish-batch1', '2026-07-19 23:46', 'session_2026-07-19-citation-mining-nonenglish-batch1', NULL),
('REF-00788', 'ot-built-environment-interface', 'OTI-07', '2026-07-19 23:42', 'session_2026-07-19-citation-mining-nonenglish-batch1', '2026-07-19 23:42', 'session_2026-07-19-citation-mining-nonenglish-batch1', NULL),
('REF-00541', 'sensory-space-global-south', 'SSG-14', '2026-07-19T23:44:21Z', 'session_2026-07-19-citation-mining-nonenglish-batch1', '2026-07-19T23:44:21Z', 'session_2026-07-19-citation-mining-nonenglish-batch1', NULL),
('REF-00793', 'residential-kitchen-and-task-surfaces', '15', '2026-07-19 23:42', 'session_2026-07-19-citation-mining-nonenglish-batch1', '2026-07-19 23:42', 'session_2026-07-19-citation-mining-nonenglish-batch1', NULL),
('REF-00786', 'manoeuvring-footprint-vs-turning-radius-methodology', 'MFM-24', '2026-07-19 23:42', 'session_2026-07-19-citation-mining-nonenglish-batch1', '2026-07-19 23:42', 'session_2026-07-19-citation-mining-nonenglish-batch1', NULL),
('REF-00865', 'manoeuvring-footprint-vs-turning-radius-methodology', 'MFM-09', '2026-07-19 23:42', 'session_2026-07-19-citation-mining-nonenglish-batch1', '2026-07-19 23:42', 'session_2026-07-19-citation-mining-nonenglish-batch1', NULL),
('REF-00784', 'manoeuvring-footprint-vs-turning-radius-methodology', 'MFM-22', '2026-07-19 23:42', 'session_2026-07-19-citation-mining-nonenglish-batch1', '2026-07-19 23:42', 'session_2026-07-19-citation-mining-nonenglish-batch1', NULL),
('REF-00866', 'manoeuvring-footprint-vs-turning-radius-methodology', 'MFM-10', '2026-07-19 23:42', 'session_2026-07-19-citation-mining-nonenglish-batch1', '2026-07-19 23:42', 'session_2026-07-19-citation-mining-nonenglish-batch1', NULL),
('REF-00794', 'residential-kitchen-and-task-surfaces', '16', '2026-07-19 23:42', 'session_2026-07-19-citation-mining-nonenglish-batch1', '2026-07-19 23:42', 'session_2026-07-19-citation-mining-nonenglish-batch1', NULL);

INSERT INTO citation_mining (slug, local_ref_id, global_ref_id, doi, backward, forward, connections_produced, notes, created_at, created_by_session, updated_at, updated_by_session, deferred_reason) VALUES
('visual-impairment-built-environment', 'VIB-07', NULL, NULL, 1, 0, '[]', 'Hankookilbo news article fetched and fully read: interview-based journalism naming the Korean Federation of the Visually Impaired''s facility-support center, Seoul Metro, and a 1998 statutory regulation, but no academic studies. NULL RESULT — attempted and complete.', '2026-07-19T23:46:41Z', 'session_2026-07-19-citation-mining-nonenglish-batch1', '2026-07-20T00:38:19Z', 'session_2026-07-19-citation-mining-nonenglish-batch6-redo', NULL),
('accessible-design-economics-cost-premium', 'ECP-02', NULL, NULL, 1, 0, '["CCD-12"]', 'Backward mining not applicable: source is an organisation homepage, product/catalog page, news article, or standards-catalog listing with no citable bibliography/reference list of its own (verified by fetching the URL). Forward mining: no DOI/PMID and no citation-graph connector for this non-indexed grey-literature source. DEFERRED, both directions.', '2026-07-19T23:46:41Z', 'session_2026-07-19-citation-mining-nonenglish-batch1', '2026-07-20 00:30', 'session_2026-07-19-citation-mining-nonenglish-batch5-browse', 'non_dob_grey_lit'),
('manoeuvring-footprint-vs-turning-radius-methodology', 'MFM-01', NULL, '10.3389/fspor.2023.1127514', 1, 1, '["MFM-09", "MFM-10", "MFM-11", "MFM-12", "MFM-13", "MFM-14", "MFM-15", "MFM-16", "MFM-17", "MFM-18", "MFM-19", "MFM-20", "MFM-21", "MFM-22", "MFM-23", "MFM-24", "MFM-25", "MFM-26", "MFM-27", "MFM-28", "MFM-29", "MFM-30"]', 'Forward mining completed via Semantic Scholar Graph API (api.semanticscholar.org /graph/v1/paper/DOI:.../citations) — a genuine citation-graph ''cited by'' endpoint, not topical search. Supersedes the earlier deferred_reason logged against Scholar Gateway (which lacks a real citation graph). Candidates filtered for built-environment/disability-population relevance per skill §3, verified via the API''s own DOI/PMID metadata, deduped against the existing evidence base before insert.', '2026-07-19 23:43', 'session_2026-07-19-citation-mining-nonenglish-batch1', '2026-07-19T23:57:16Z', 'session_2026-07-19-citation-mining-nonenglish-batch2-forward', NULL),
('deafblind-built-environment-design', 'DBL-07', NULL, NULL, 1, 0, '[]', 'dinf.ne.jp page fetched and fully read: names only Helen Keller (historical reference to fingerspelling method), and links to an internal ''Reference Material 1'' page not followed up this pass. NULL RESULT for formal citations; the internal reference-material link remains an unpursued lead.', '2026-07-19T23:46:41Z', 'session_2026-07-19-citation-mining-nonenglish-batch1', '2026-07-20T00:38:19Z', 'session_2026-07-19-citation-mining-nonenglish-batch6-redo', NULL),
('deafblind-built-environment-design', 'DBL-09', NULL, NULL, 1, 0, '[]', 'Same source document as DBL-07 (identical URL) — same finding applies.', '2026-07-19T23:46:41Z', 'session_2026-07-19-citation-mining-nonenglish-batch1', '2026-07-20T00:38:19Z', 'session_2026-07-19-citation-mining-nonenglish-batch6-redo', NULL),
('deaf-spatial-design', 'DSD-10', NULL, NULL, 0, 0, '[]', 'Gazzetta Ufficiale page fetched: only law metadata visible, not full text. ''Lavori Preparatori'' (preparatory materials) are linked separately but not fetched this pass. DEFERRED, not null — preparatory materials specifically not yet checked.', '2026-07-19T23:46:41Z', 'session_2026-07-19-citation-mining-nonenglish-batch1', '2026-07-20T00:38:19Z', 'session_2026-07-19-citation-mining-nonenglish-batch6-redo', 'site_specific_lead_unresolved'),
('construction-cost-data', 'CCD-01', NULL, NULL, 0, 0, '[]', 'Backward mining not attempted: no URL on file for this source, so there is no document to retrieve a reference list from. DEFERRED pending metadata rehabilitation. Forward mining: no DOI/PMID, no citation-graph connector — DEFERRED.', '2026-07-19T23:46:41Z', 'session_2026-07-19-citation-mining-nonenglish-batch1', '2026-07-19T23:46:41Z', 'session_2026-07-19-citation-mining-nonenglish-batch1', 'non_dob_grey_lit'),
('accessibility-feature-market-value-uplift-framing', '02', NULL, NULL, 0, 0, '[]', 'Backward mining ATTEMPTED: the source PDF (hosted on regjeringen.no) returned HTTP 403 Forbidden on every fetch attempt (WebFetch and direct curl with a browser User-Agent). Unlike the KfW and Socialstyrelsen leads, no alternate mirror was found via web search. DEFERRED pending a working access path. Forward mining: no DOI, no connector — DEFERRED.', '2026-07-19T23:46:41Z', 'session_2026-07-19-citation-mining-nonenglish-batch1', '2026-07-20T00:03:51Z', 'session_2026-07-19-citation-mining-nonenglish-batch4-pdf', 'source_pdf_403_forbidden'),
('wayfinding-dementia-spatial-design', 'WDS-22', NULL, NULL, 0, 0, '[]', 'Backward mining PARTIALLY attempted: fetched and full-text-extracted the main Socialstyrelsen dementia guideline PDF (234K chars, 6 reference sections read in full) — all references are administrative/clinical/economic (care quality metrics, drug cost-effectiveness, demographic registries), not housing-design-specific. The housing-specific evidence base is understood to live in the separate ''Kunskapsunderlag'' (knowledge-base) annex PDF, which returned an HTML redirect/error page rather than PDF content on every fetch attempt (both via WebFetch and direct curl). DEFERRED pending access to that specific annex. Forward mining: no DOI, no connector — DEFERRED.', '2026-07-19T23:46:41Z', 'session_2026-07-19-citation-mining-nonenglish-batch1', '2026-07-20T00:03:51Z', 'session_2026-07-19-citation-mining-nonenglish-batch4-pdf', 'swedish_annex_pdf_blocked'),
('mental-health-built-environment', 'MHB-28', NULL, NULL, 1, 0, '[]', 'Resolved: this is a review of a real book (van Mierlo/Bovenberg/Voskes/Mulder 2013, ''Werkboek HIC'') which is the actual citable source — inserted as REF-00844/MHB-34. The review page itself has no further bibliography.', '2026-07-19T23:46:41Z', 'session_2026-07-19-citation-mining-nonenglish-batch1', '2026-07-20T00:38:19Z', 'session_2026-07-19-citation-mining-nonenglish-batch6-redo', NULL),
('deaf-spatial-design', 'DSD-12', NULL, NULL, 1, 0, '[]', 'Tsukuba University of Technology campus page fetched and fully read: purely descriptive, no design studies/standards cited. NULL RESULT — attempted and complete.', '2026-07-19T23:46:41Z', 'session_2026-07-19-citation-mining-nonenglish-batch1', '2026-07-20T00:38:19Z', 'session_2026-07-19-citation-mining-nonenglish-batch6-redo', NULL),
('deaf-spatial-design', 'DSD-11', NULL, NULL, 0, 0, '[]', 'dabonline.de URL returned HTTP 404 (page moved/removed since the URL was recorded). DEFERRED — original article not relocated this pass.', '2026-07-19T23:46:41Z', 'session_2026-07-19-citation-mining-nonenglish-batch1', '2026-07-20T00:38:19Z', 'session_2026-07-19-citation-mining-nonenglish-batch6-redo', 'site_specific_lead_unresolved'),
('cognitive-wayfinding-design', 'CWD-23', NULL, NULL, 0, 0, '[]', 'Backward mining PARTIALLY attempted: fetched and full-text-extracted the main Socialstyrelsen dementia guideline PDF (234K chars, 6 reference sections read in full) — all references are administrative/clinical/economic (care quality metrics, drug cost-effectiveness, demographic registries), not housing-design-specific. The housing-specific evidence base is understood to live in the separate ''Kunskapsunderlag'' (knowledge-base) annex PDF, which returned an HTML redirect/error page rather than PDF content on every fetch attempt (both via WebFetch and direct curl). DEFERRED pending access to that specific annex. Forward mining: no DOI, no connector — DEFERRED.', '2026-07-19T23:46:41Z', 'session_2026-07-19-citation-mining-nonenglish-batch1', '2026-07-20T00:03:51Z', 'session_2026-07-19-citation-mining-nonenglish-batch4-pdf', 'swedish_annex_pdf_blocked'),
('dementia-built-environment', 'DBE-05', NULL, NULL, 1, 0, '[]', 'Backward mining not applicable: source is an organisation homepage, product/catalog page, news article, or standards-catalog listing with no citable bibliography/reference list of its own (verified by fetching the URL). Forward mining: no DOI/PMID and no citation-graph connector for this non-indexed grey-literature source. DEFERRED, both directions.', '2026-07-19T23:46:41Z', 'session_2026-07-19-citation-mining-nonenglish-batch1', '2026-07-20 00:30', 'session_2026-07-19-citation-mining-nonenglish-batch5-browse', 'non_dob_grey_lit'),
('mental-health-built-environment', 'MHB-26', NULL, NULL, 1, 0, '["MHB-29", "MHB-30", "MHB-31", "MHB-32", "MHB-33"]', 'Backward mining not applicable: source is an organisation homepage, product/catalog page, news article, or standards-catalog listing with no citable bibliography/reference list of its own (verified by fetching the URL). Forward mining: no DOI/PMID and no citation-graph connector for this non-indexed grey-literature source. DEFERRED, both directions.', '2026-07-19T23:46:41Z', 'session_2026-07-19-citation-mining-nonenglish-batch1', '2026-07-20 00:30', 'session_2026-07-19-citation-mining-nonenglish-batch5-browse', 'non_dob_grey_lit'),
('deaf-spatial-design', 'DSD-13', NULL, NULL, 1, 0, '[]', 'note.com blog post fetched and fully read: names Gallaudet University (2005, DeafSpace concept origin), two researchers, and a related organizational credit (Window Research Institute). No formal academic bibliography. NULL RESULT — attempted and complete, not deferred.', '2026-07-19T23:46:41Z', 'session_2026-07-19-citation-mining-nonenglish-batch1', '2026-07-20T00:38:19Z', 'session_2026-07-19-citation-mining-nonenglish-batch6-redo', NULL),
('wayfinding-dementia-spatial-design', 'WDS-17', NULL, NULL, 1, 0, '[]', 'Backward mining ATTEMPTED and COMPLETE: fetched and full-text-extracted the GuiaSalud Alzheimer/dementia clinical guideline PDF (658K chars). This is a general clinical guideline (diagnosis, pharmacology, caregiver support, care coordination) — searched for built-environment/housing-design content (''vivienda'', ''domicilio'', ''hogar'', ''entorno físico'', ''arquitect''); all matches were about care LOCATION (home vs hospital vs institution), not architectural/spatial design. No built-environment-relevant citations found. NULL RESULT, not a deferral — this source''s citation network does not contain evidence relevant to this slug. Forward mining: no DOI, no connector — DEFERRED.', '2026-07-19T23:46:41Z', 'session_2026-07-19-citation-mining-nonenglish-batch1', '2026-07-20 00:04', 'session_2026-07-19-citation-mining-nonenglish-batch4-pdf', NULL),
('accessible-design-economics-cost-premium', 'ECP-03', NULL, NULL, 1, 0, '["ECP-13","ECP-14","ECP-15"]', 'Backward mining COMPLETED: fetched the full KfW/IWU evaluation PDF directly (sanitaerwirtschaft.de mirror; pypdf/pdfminer text extraction after fixing a broken cryptography/cffi binding in the sandbox), located the real Literaturverzeichnis, and extracted genuine citations. 4 relevant sources inserted (REF-00834..00837): Hackmann/Schüssler/Schmutz 2014 age-appropriate housing-adaptation potential analysis, Prognos 2014 predecessor KfW programme evaluation, Gerste 2015 domestic-falls cost-benefit, Edinger/Lerch/Lentze 2007 ''Barrierearm'' concept paper. Many other bibliography entries (burglary victimology, general demographics, labor market) were excluded as out of scope per the relevance filter. Forward mining: no DOI/ISBN, no citation-graph connector for this grey-literature report — DEFERRED.', '2026-07-19T23:46:41Z', 'session_2026-07-19-citation-mining-nonenglish-batch1', '2026-07-20 00:03', 'session_2026-07-19-citation-mining-nonenglish-batch4-pdf', NULL),
('assistive-listening-systems', 'ALS-08', NULL, NULL, 1, 0, '[]', 'Zennancho page fetched and fully read: names only an internal color-standard reference and a copyright registration; no research/technical citations. NULL RESULT — attempted and complete.', '2026-07-19T23:46:41Z', 'session_2026-07-19-citation-mining-nonenglish-batch1', '2026-07-20T00:38:19Z', 'session_2026-07-19-citation-mining-nonenglish-batch6-redo', NULL),
('manoeuvring-footprint-vs-turning-radius-methodology', 'MFM-02', NULL, NULL, 0, 0, '[]', 'Backward mining not attempted: no URL on file for this source, so there is no document to retrieve a reference list from. DEFERRED pending metadata rehabilitation. Forward mining: no DOI/PMID, no citation-graph connector — DEFERRED.', '2026-07-19T23:46:41Z', 'session_2026-07-19-citation-mining-nonenglish-batch1', '2026-07-19T23:46:41Z', 'session_2026-07-19-citation-mining-nonenglish-batch1', 'non_dob_grey_lit'),
('wayfinding-dementia-spatial-design', 'WDS-23', NULL, NULL, 0, 0, '[]', 'Wegweiser Demenz homepage AND its ''Wohnen'' section browsed; confirms a ''Zuhause wohnen'' (living at home) subsection exists but the specific content page 404s at the guessed URL. DEFERRED — real subsection exists, correct URL not yet found.', '2026-07-19T23:46:41Z', 'session_2026-07-19-citation-mining-nonenglish-batch1', '2026-07-20T00:38:19Z', 'session_2026-07-19-citation-mining-nonenglish-batch6-redo', 'site_specific_lead_unresolved'),
('accessible-design-economics-cost-premium', 'ECP-04', NULL, NULL, 0, 0, '[]', 'Backward mining ATTEMPTED: the source PDF (hosted on regjeringen.no) returned HTTP 403 Forbidden on every fetch attempt (WebFetch and direct curl with a browser User-Agent). Unlike the KfW and Socialstyrelsen leads, no alternate mirror was found via web search. DEFERRED pending a working access path. Forward mining: no DOI, no connector — DEFERRED.', '2026-07-19T23:46:41Z', 'session_2026-07-19-citation-mining-nonenglish-batch1', '2026-07-20T00:03:51Z', 'session_2026-07-19-citation-mining-nonenglish-batch4-pdf', 'source_pdf_403_forbidden'),
('construction-cost-data', 'CCD-08', NULL, NULL, 1, 0, '["CCD-11"]', 'Backward mining COMPLETED: fetched the full KfW/IWU evaluation PDF directly (sanitaerwirtschaft.de mirror; pypdf/pdfminer text extraction after fixing a broken cryptography/cffi binding in the sandbox), located the real Literaturverzeichnis, and extracted genuine citations. 4 relevant sources inserted (REF-00834..00837): Hackmann/Schüssler/Schmutz 2014 age-appropriate housing-adaptation potential analysis, Prognos 2014 predecessor KfW programme evaluation, Gerste 2015 domestic-falls cost-benefit, Edinger/Lerch/Lentze 2007 ''Barrierearm'' concept paper. Many other bibliography entries (burglary victimology, general demographics, labor market) were excluded as out of scope per the relevance filter. Forward mining: no DOI/ISBN, no citation-graph connector for this grey-literature report — DEFERRED.', '2026-07-19T23:46:41Z', 'session_2026-07-19-citation-mining-nonenglish-batch1', '2026-07-20 00:03', 'session_2026-07-19-citation-mining-nonenglish-batch4-pdf', NULL),
('wayfinding-dementia-spatial-design', 'WDS-11', NULL, NULL, 1, 0, '["WDS-24"]', 'Backward mining via WebFetch of the guideline page (not DOI-based; source has no DOI — Norwegian Helsedirektoratet clinical guideline). Confirmed and inserted REF-00797 (Landmark et al 2009, FHI Report 11-2009, systematic knowledge summary on dementia housing design). Guideline also names REDIC 2015 registry findings, Dalsbø et al 2014, Dahm et al 2014 (FHI Report 27-2014), and a SINTEF 2015 report (''Er smått alltid godt i demensomsorgen'') as further leads — not verified/inserted this pass (SINTEF site returned HTTP 403; the FHI items were not independently re-fetched). Forward mining: no DOI/PMID, no forward-citation connector for non-indexed Norwegian grey literature — DEFERRED.', '2026-07-19 23:46', 'session_2026-07-19-citation-mining-nonenglish-batch1', '2026-07-19T23:46:20Z', 'session_2026-07-19-citation-mining-nonenglish-batch1', NULL);

COMMIT;
