-- data_20260724064124_2026-07-24-research-matrix-completion.sql
-- Data migration generated by scripts/emit_data_migration.py
-- Session:    session_2026-07-24-research-matrix-completion
-- Generated:  2026-07-24T06:41:24+00:00
-- Summary:    research-matrix batch 1: 8 search_executions rows + 2 verified sources (REF-00924 Wieczorek, REF-00925 Park) filed w/ spillover notes
--
-- This file is forward-only and immutable once committed. If a correction is
-- needed, emit a NEW data migration that compensates — do not edit this file.

BEGIN TRANSACTION;

-- Batch 1: research-matrix coverage (search_executions) + verified source admission.
-- Coverage loop per coverage-completion-loop-methodology-2026-07-21.md §4.
-- Every search logged (empties kept); 2 verified anchors admitted + filed; spillover noted.
-- Migrations-only; no adjudicated figure moved; no best_practice_synthesis authored.
INSERT INTO evidence_sources (ref_id, source_type, first_author_last, first_author_first, author_count, author_count_is_complete, is_corporate_primary, pub_year, pub_title, journal_name, volume, issue, article_number, doi, pmid, pmcid, url, jurisdiction, language, lang_detected, tier, evidence_type, scope, verification_status, metadata_quality, doi_resolution_outcome, url_resolution_outcome, verified_by_tool, last_verified_at, prior_expectation, search_queries_used, notes, created_at, created_by_session, updated_at, updated_by_session) VALUES ('REF-00924', 'journal_article', 'Wieczorek', 'Bartosz', 4, 1, 0, 2023, 'Ergonomic guidelines for the design interfaces of additive modules for manual wheelchairs: sagittal plane', 'Scientific Reports', '13', '1', '11993', '10.1038/s41598-023-39085-7', '37491559', 'PMC10368659', 'https://doi.org/10.1038/s41598-023-39085-7', 'PL', 'en', 'en', 3, 'clinical', 'lower_control', 'VERIFIED', 'COMPLETE', 'RESOLVED', 'RESOLVED', 'pubmed', '2026-07-24T06:40:00+00:00', 'Expected anthropometric hand-reach envelopes for manual-wheelchair users to exist mainly as industrial-ergonomics norms (Kozey/Das lineage), not as sagittal-plane control-placement maps; searched to test whether upper-limb reach for control placement is quantified independent of forward/side ADA reach ranges.', 'Consensus: functional reach range envelope adults upper limb impairment wheelchair users forward side reach anthropometry; PubMed verify: Wieczorek ergonomic guidelines additive modules manual wheelchairs sagittal plane', 'Anthropometric/ergonomic primary study (n=10, 50th-pct); total hand-reach area 1269mm x 731mm, comfortable zone 352mm x 649mm. Tier 3 (lower-control primary); relevant to upper-limb control-placement reach. NOT a forward/side ADA reach-range source (those are code-tier ISO 21542).', '2026-07-24T06:40:00+00:00', 'session_2026-07-24-research-matrix-completion', '2026-07-24T06:40:00+00:00', 'session_2026-07-24-research-matrix-completion');
INSERT INTO evidence_sources (ref_id, source_type, first_author_last, first_author_first, author_count, author_count_is_complete, is_corporate_primary, pub_year, pub_title, journal_name, volume, issue, article_number, doi, pmid, pmcid, url, jurisdiction, language, lang_detected, tier, evidence_type, scope, verification_status, metadata_quality, doi_resolution_outcome, url_resolution_outcome, verified_by_tool, last_verified_at, prior_expectation, search_queries_used, notes, created_at, created_by_session, updated_at, updated_by_session) VALUES ('REF-00925', 'journal_article', 'Park', 'Gowun', 5, 1, 0, 2020, 'Creating and Testing a Sensory Well-Being Hub for Adolescents with Developmental Disabilities', 'Journal of Interior Design', '45', '1', NULL, '10.1111/joid.12164', NULL, NULL, 'https://doi.org/10.1111/joid.12164', 'US', 'en', 'en', 3, 'clinical', 'lower_control', 'VERIFIED', 'COMPLETE', 'RESOLVED', 'RESOLVED', 'doi.org', '2026-07-24T06:40:00+00:00', 'Expected sensory-room / multisensory-environment evidence to be dominated by Snoezelen efficacy trials in intellectual disability rather than architectural design-parameter studies of retreat spaces; searched to test whether built-environment design parameters for sensory relief spaces are evidenced.', 'Scholar Gateway: multisensory environments / sensory retreat / quiet rooms for autistic adults in the built environment, design parameters', 'Mixed-methods evaluation of a freestanding sensory well-being hub for adolescents with developmental disabilities (Chicago high school); design-affordance evaluation. Tier 3 (lower-control primary); population NDV/DEV. Relevant to sensory-relief-space-design.', '2026-07-24T06:40:00+00:00', 'session_2026-07-24-research-matrix-completion', '2026-07-24T06:40:00+00:00', 'session_2026-07-24-research-matrix-completion');
INSERT INTO evidence_source_authors (ref_id, position, last_name, first_name, is_corporate, created_at, created_by_session) VALUES ('REF-00924', 1, 'Wieczorek', 'Bartosz', 0, '2026-07-24T06:40:00+00:00', 'session_2026-07-24-research-matrix-completion');
INSERT INTO evidence_source_authors (ref_id, position, last_name, first_name, is_corporate, created_at, created_by_session) VALUES ('REF-00924', 2, 'Kukla', 'Mateusz', 0, '2026-07-24T06:40:00+00:00', 'session_2026-07-24-research-matrix-completion');
INSERT INTO evidence_source_authors (ref_id, position, last_name, first_name, is_corporate, created_at, created_by_session) VALUES ('REF-00924', 3, 'Wargula', 'Lukasz', 0, '2026-07-24T06:40:00+00:00', 'session_2026-07-24-research-matrix-completion');
INSERT INTO evidence_source_authors (ref_id, position, last_name, first_name, is_corporate, created_at, created_by_session) VALUES ('REF-00924', 4, 'Giedrowicz', 'Marcin', 0, '2026-07-24T06:40:00+00:00', 'session_2026-07-24-research-matrix-completion');
INSERT INTO evidence_source_authors (ref_id, position, last_name, first_name, is_corporate, created_at, created_by_session) VALUES ('REF-00925', 1, 'Park', 'Gowun', 0, '2026-07-24T06:40:00+00:00', 'session_2026-07-24-research-matrix-completion');
INSERT INTO evidence_source_authors (ref_id, position, last_name, first_name, is_corporate, created_at, created_by_session) VALUES ('REF-00925', 2, 'Nanda', 'Upali', 0, '2026-07-24T06:40:00+00:00', 'session_2026-07-24-research-matrix-completion');
INSERT INTO evidence_source_authors (ref_id, position, last_name, first_name, is_corporate, created_at, created_by_session) VALUES ('REF-00925', 3, 'Adams', 'Lyn', 0, '2026-07-24T06:40:00+00:00', 'session_2026-07-24-research-matrix-completion');
INSERT INTO evidence_source_authors (ref_id, position, last_name, first_name, is_corporate, created_at, created_by_session) VALUES ('REF-00925', 4, 'Essary', 'Janet', 0, '2026-07-24T06:40:00+00:00', 'session_2026-07-24-research-matrix-completion');
INSERT INTO evidence_source_authors (ref_id, position, last_name, first_name, is_corporate, created_at, created_by_session) VALUES ('REF-00925', 5, 'Hoelting', 'Molly', 0, '2026-07-24T06:40:00+00:00', 'session_2026-07-24-research-matrix-completion');
INSERT INTO source_slug_links (ref_id, slug, local_ref_id, created_at, created_by_session, updated_at, updated_by_session, relevance_note) VALUES ('REF-00924', 'upper-limb-impairment-built-environment', 'ULB-20', '2026-07-24T06:40:00+00:00', 'session_2026-07-24-research-matrix-completion', '2026-07-24T06:40:00+00:00', 'session_2026-07-24-research-matrix-completion', 'Primary anthropometric hand-reach map for manual-wheelchair control placement (sagittal plane); Tier 3. Filed here (upper-limb reach), NOT to forward/side ADA reach ranges (code-tier).');
INSERT INTO source_slug_links (ref_id, slug, local_ref_id, created_at, created_by_session, updated_at, updated_by_session, relevance_note) VALUES ('REF-00925', 'sensory-relief-space-design', 'SRS-12', '2026-07-24T06:40:00+00:00', 'session_2026-07-24-research-matrix-completion', '2026-07-24T06:40:00+00:00', 'session_2026-07-24-research-matrix-completion', 'Built-environment evaluation of a sensory well-being/retreat hub; Tier 3. Filed to sensory-relief-space-design; population overlap NDV/DEV noted for cross-population review.');
INSERT INTO search_executions (slug, jurisdiction, language, target_tier, target_evidence_type, target_scope, query_text, engine, depth_method, mining_direction, results_found, results_screened, results_admitted, saturation_signal, admitted_ref_ids, deferred_reason, backfill, session, executed_at) VALUES ('upper-limb-impairment-built-environment', NULL, 'en', 3, 'clinical', 'lower_control', 'functional reach range envelope adults upper limb impairment wheelchair users forward side reach anthropometry', 'consensus', 'scoping', 'none', 20, 10, 1, 'partial', '["REF-00924"]', NULL, 0, 'session_2026-07-24-research-matrix-completion', '2026-07-24T06:40:00+00:00');
INSERT INTO search_executions (slug, jurisdiction, language, target_tier, target_evidence_type, target_scope, query_text, engine, depth_method, mining_direction, results_found, results_screened, results_admitted, saturation_signal, admitted_ref_ids, deferred_reason, backfill, session, executed_at) VALUES ('upper-limb-impairment-built-environment', 'US', 'en', 3, 'clinical', 'lower_control', 'functional reach upper limb impairment built environment accessibility reach range', 'pubmed', 'scoping', 'none', 0, 0, 0, 'none', NULL, NULL, 0, 'session_2026-07-24-research-matrix-completion', '2026-07-24T06:40:00+00:00');
INSERT INTO search_executions (slug, jurisdiction, language, target_tier, target_evidence_type, target_scope, query_text, engine, depth_method, mining_direction, results_found, results_screened, results_admitted, saturation_signal, admitted_ref_ids, deferred_reason, backfill, session, executed_at) VALUES ('upper-limb-impairment-built-environment', 'US', 'en', 6, 'code', 'international', 'ISO 21542 accessibility reach range forward side reach heights building construction standard', 'web', 'scoping', 'none', 8, 4, 0, 'partial', NULL, NULL, 0, 'session_2026-07-24-research-matrix-completion', '2026-07-24T06:40:00+00:00');
INSERT INTO search_executions (slug, jurisdiction, language, target_tier, target_evidence_type, target_scope, query_text, engine, depth_method, mining_direction, results_found, results_screened, results_admitted, saturation_signal, admitted_ref_ids, deferred_reason, backfill, session, executed_at) VALUES ('upper-limb-impairment-built-environment', NULL, 'es', 3, 'clinical', 'lower_control', 'alcance funcional usuarios silla de ruedas ergonomia altura controles accesibilidad', 'consensus', 'scoping', 'none', 20, 10, 0, 'partial', NULL, NULL, 0, 'session_2026-07-24-research-matrix-completion', '2026-07-24T06:40:00+00:00');
INSERT INTO search_executions (slug, jurisdiction, language, target_tier, target_evidence_type, target_scope, query_text, engine, depth_method, mining_direction, results_found, results_screened, results_admitted, saturation_signal, admitted_ref_ids, deferred_reason, backfill, session, executed_at) VALUES ('sensory-relief-space-design', NULL, 'en', 3, 'clinical', 'lower_control', 'multisensory environments sensory retreat quiet rooms autistic adults built environment design parameters', 'scholar', 'scoping', 'none', 12, 9, 1, 'partial', '["REF-00925"]', NULL, 0, 'session_2026-07-24-research-matrix-completion', '2026-07-24T06:40:00+00:00');
INSERT INTO search_executions (slug, jurisdiction, language, target_tier, target_evidence_type, target_scope, query_text, engine, depth_method, mining_direction, results_found, results_screened, results_admitted, saturation_signal, admitted_ref_ids, deferred_reason, backfill, session, executed_at) VALUES ('wayfinding-global-south', 'ZA', 'en', 3, 'grey', 'national', 'wayfinding design informal settlements global south accessibility disability low-income countries', 'web', 'scoping', 'none', 8, 6, 0, 'partial', NULL, NULL, 0, 'session_2026-07-24-research-matrix-completion', '2026-07-24T06:40:00+00:00');
INSERT INTO search_executions (slug, jurisdiction, language, target_tier, target_evidence_type, target_scope, query_text, engine, depth_method, mining_direction, results_found, results_screened, results_admitted, saturation_signal, admitted_ref_ids, deferred_reason, backfill, session, executed_at) VALUES ('upper-limb-impairment-built-environment', 'IN', 'hi', NULL, NULL, NULL, '[DEFERRED] Hindi reach/upper-limb query', 'manual', 'scoping', 'none', 0, 0, 0, NULL, NULL, 'no controlled vocabulary for HI (term_aliases has 0 HI aliases); blocked on Phase-1 vocab build per DR-2026-06-11 / CO-0005 [UNVERIFIED-TERMS]', 0, 'session_2026-07-24-research-matrix-completion', '2026-07-24T06:40:00+00:00');
INSERT INTO search_executions (slug, jurisdiction, language, target_tier, target_evidence_type, target_scope, query_text, engine, depth_method, mining_direction, results_found, results_screened, results_admitted, saturation_signal, admitted_ref_ids, deferred_reason, backfill, session, executed_at) VALUES ('wayfinding-global-south', 'EG', 'ar', NULL, NULL, NULL, '[DEFERRED] Arabic wayfinding query', 'manual', 'scoping', 'none', 0, 0, 0, NULL, NULL, 'no controlled vocabulary for AR (0 aliases); blocked on Phase-1 vocab build per CO-0005 [UNVERIFIED-TERMS]', 0, 'session_2026-07-24-research-matrix-completion', '2026-07-24T06:40:00+00:00');

COMMIT;
