-- data_20260720040431_2026-07-20-citation-mining-depth2-nonenglish.sql
-- Data migration generated by scripts/emit_data_migration.py
-- Session:    session_2026-07-20-citation-mining-depth2-nonenglish.md
-- Generated:  2026-07-20T04:04:31+00:00
-- Summary:    Migration-history reconciliation: capture session_2026-07-20-citation-mining-depth2-nonenglish's direct DB writes (never emitted as a migration -- GAP-290 violation) so committed data/guidebook.db reproduces from migration history
--
-- This file is forward-only and immutable once committed. If a correction is
-- needed, emit a NEW data migration that compensates — do not edit this file.

BEGIN TRANSACTION;

-- Migration-history reconciliation for session_2026-07-20-citation-mining-depth2-nonenglish
-- Per DR-2026-05-15-migration-history-drift-repair.md precedent: this session's DB
-- writes were never captured as a migration file (GAP-290 violation), surfaced by
-- audit.yml's migration-reproducibility check once source_slug_links_duplicates.py's
-- crash was fixed. All rows below already exist in the committed DB, verbatim --
-- this migration makes migration history match reality; no new data, no data change.

INSERT INTO evidence_sources (ref_id, source_type, author_count, author_count_is_complete, first_author_last, first_author_first, is_corporate_primary, author_display, pub_year, pub_year_note, pub_title, pub_subtitle, chapter_title, original_title, lang_detected, lang_detection_method, pub_title_en, pub_subtitle_en, chapter_title_en, journal_name_en, translation_method, translation_reviewed, journal_name, journal_abbrev, volume, issue, pages_start, pages_end, article_number, publisher, publisher_location, edition, book_title, series, series_number, report_number, institution, standard_number, doi, pmid, pmcid, isbn, issn, url, url_accessed, handle, local_id, tier, evidence_type, jurisdiction, co1_provenance, co1_source_type, synthesis_attribution_required, metadata_quality, verification_status, doi_resolution_outcome, bpc_shorthand, bpc_note, grey_flag, grey_reason, verification_note, prior_expectation, search_queries_used, derivation_chain, notes, created_at, created_by_session, updated_at, updated_by_session, verified_by_tool, last_verified_at, verification_attempt_count, superseded_by_ref_id, pages, pub_month, language, subtype, citation_count, url_resolution_outcome, url_last_fetched, url_match_similarity, metadata_integrity_status, metadata_integrity_detail, code_currency_status, code_currency_verified_at, code_currency_verified_by_session, code_currency_notes, scope) VALUES
('REF-00845', NULL, NULL, 0, NULL, NULL, 0, 'Ishikawa H et al', 2022, NULL, 'The Living Environment and the Degree of Mental Health of Home-based Psychotic Patients', NULL, NULL, NULL, 'ja', 'journal_family_inference', NULL, NULL, NULL, NULL, NULL, 0, NULL, NULL, NULL, NULL, NULL, NULL, NULL, NULL, NULL, NULL, NULL, NULL, NULL, NULL, NULL, NULL, '10.3130/aija.87.1095', NULL, NULL, NULL, NULL, NULL, NULL, NULL, NULL, 3, 'clinical', 'JP', NULL, NULL, NULL, 'COMPLETE', 'VERIFIED', NULL, NULL, NULL, 0, NULL, NULL, NULL, NULL, NULL, NULL, '2026-07-20 00:41', 'session_2026-07-20-citation-mining-depth2-nonenglish', '2026-07-20 00:41', 'session_2026-07-20-citation-mining-depth2-nonenglish', NULL, NULL, 0, NULL, NULL, NULL, NULL, NULL, NULL, NULL, NULL, NULL, NULL, NULL, NULL, NULL, NULL, NULL, NULL),
('REF-00846', NULL, NULL, 0, NULL, NULL, 0, 'Fujii Y, Tanaka M', 2025, NULL, 'Inclusivity in Special Needs Classes and Special Needs Schools', NULL, NULL, NULL, 'ja', 'journal_family_inference', NULL, NULL, NULL, NULL, NULL, 0, NULL, NULL, NULL, NULL, NULL, NULL, NULL, NULL, NULL, NULL, NULL, NULL, NULL, NULL, NULL, NULL, '10.3130/aijt.31.410', NULL, NULL, NULL, NULL, NULL, NULL, NULL, NULL, 3, 'clinical', 'JP', NULL, NULL, NULL, 'COMPLETE', 'VERIFIED', NULL, NULL, NULL, 0, NULL, NULL, NULL, NULL, NULL, NULL, '2026-07-20 00:41', 'session_2026-07-20-citation-mining-depth2-nonenglish', '2026-07-20 00:41', 'session_2026-07-20-citation-mining-depth2-nonenglish', NULL, NULL, 0, NULL, NULL, NULL, NULL, NULL, NULL, NULL, NULL, NULL, NULL, NULL, NULL, NULL, NULL, NULL, NULL),
('REF-00847', NULL, NULL, 0, NULL, NULL, 0, 'Kando Y et al', 2024, NULL, 'Classification and Architectural Measures Corresponding to the Characteristics of Group Home Residents', NULL, NULL, NULL, 'ja', 'journal_family_inference', NULL, NULL, NULL, NULL, NULL, 0, NULL, NULL, NULL, NULL, NULL, NULL, NULL, NULL, NULL, NULL, NULL, NULL, NULL, NULL, NULL, NULL, '10.3130/aija.89.616', NULL, NULL, NULL, NULL, NULL, NULL, NULL, NULL, 3, 'clinical', 'JP', NULL, NULL, NULL, 'COMPLETE', 'VERIFIED', NULL, NULL, NULL, 0, NULL, NULL, NULL, NULL, NULL, NULL, '2026-07-20 00:41', 'session_2026-07-20-citation-mining-depth2-nonenglish', '2026-07-20 00:41', 'session_2026-07-20-citation-mining-depth2-nonenglish', NULL, NULL, 0, NULL, NULL, NULL, NULL, NULL, NULL, NULL, NULL, NULL, NULL, NULL, NULL, NULL, NULL, NULL, NULL),
('REF-00848', NULL, NULL, 0, NULL, NULL, 0, 'Kimura S, Fujii A, Ito K, et al', 2024, NULL, 'Inclusive Quiet Room: French Demonstration Experiment', NULL, NULL, NULL, 'ja', 'journal_family_inference', NULL, NULL, NULL, NULL, NULL, 0, NULL, NULL, NULL, NULL, NULL, NULL, NULL, NULL, NULL, NULL, NULL, NULL, NULL, NULL, NULL, NULL, '10.3130/aijt.30.1476', NULL, NULL, NULL, NULL, NULL, NULL, NULL, NULL, 1, 'clinical', 'JP', NULL, NULL, NULL, 'COMPLETE', 'VERIFIED', NULL, NULL, NULL, 0, NULL, NULL, NULL, NULL, NULL, NULL, '2026-07-20 00:41', 'session_2026-07-20-citation-mining-depth2-nonenglish', '2026-07-20 00:41', 'session_2026-07-20-citation-mining-depth2-nonenglish', NULL, NULL, 0, NULL, NULL, NULL, NULL, NULL, NULL, NULL, NULL, NULL, NULL, NULL, NULL, NULL, NULL, NULL, NULL),
('REF-00849', NULL, NULL, 0, NULL, NULL, 0, 'Kimura S, Ito K, Fujii A, et al', 2023, NULL, 'Inclusive Quiet Room — for building an inclusive society', NULL, NULL, NULL, 'en', 'native_title_verified', NULL, NULL, NULL, NULL, NULL, 0, NULL, NULL, NULL, NULL, NULL, NULL, NULL, NULL, NULL, NULL, NULL, NULL, NULL, NULL, NULL, NULL, '10.1145/3588037.3603420', NULL, NULL, NULL, NULL, NULL, NULL, NULL, NULL, 3, 'clinical', 'JP', NULL, NULL, NULL, 'COMPLETE', 'VERIFIED', NULL, NULL, NULL, 0, NULL, NULL, NULL, NULL, NULL, NULL, '2026-07-20 00:41', 'session_2026-07-20-citation-mining-depth2-nonenglish', '2026-07-20 00:41', 'session_2026-07-20-citation-mining-depth2-nonenglish', NULL, NULL, 0, NULL, NULL, NULL, NULL, NULL, NULL, NULL, NULL, NULL, NULL, NULL, NULL, NULL, NULL, NULL, NULL),
('REF-00850', NULL, NULL, 0, NULL, NULL, 0, 'Kimura S', 2024, NULL, 'Devices and Environmental Adjustments for Social Participation (doctoral thesis, Nagoya Institute of Technology)', NULL, NULL, NULL, 'ja', 'journal_family_inference', NULL, NULL, NULL, NULL, NULL, 0, NULL, NULL, NULL, NULL, NULL, NULL, NULL, NULL, NULL, NULL, NULL, NULL, NULL, NULL, NULL, NULL, '10.20602/0002000195', NULL, NULL, NULL, NULL, NULL, NULL, NULL, NULL, 1, 'clinical', 'JP', NULL, NULL, NULL, 'COMPLETE', 'VERIFIED', NULL, NULL, NULL, 0, NULL, NULL, NULL, NULL, NULL, NULL, '2026-07-20 00:41', 'session_2026-07-20-citation-mining-depth2-nonenglish', '2026-07-20 00:41', 'session_2026-07-20-citation-mining-depth2-nonenglish', NULL, NULL, 0, NULL, NULL, NULL, NULL, NULL, NULL, NULL, NULL, NULL, NULL, NULL, NULL, NULL, NULL, NULL, NULL),
('REF-00851', NULL, NULL, 0, NULL, NULL, 0, 'Day K, Carreon D, Stump C', 2000, NULL, 'The Therapeutic Design of Environments for People With Dementia', NULL, NULL, NULL, 'en', 'citing_document_language', NULL, NULL, NULL, NULL, NULL, 0, NULL, NULL, NULL, NULL, NULL, NULL, NULL, NULL, NULL, NULL, NULL, NULL, NULL, NULL, NULL, NULL, '10.1093/geront/40.4.397', NULL, NULL, NULL, NULL, NULL, NULL, NULL, NULL, 2, 'sr_meta', 'US', NULL, NULL, NULL, 'COMPLETE', 'VERIFIED', NULL, NULL, NULL, 0, NULL, NULL, NULL, NULL, NULL, 'DOI confirmed via CrossRef lookup after being named (without full citation) in Landmark et al 2009 FHI report as the master synthesis underlying most of that report Table 1 findings (71 articles reviewed).', '2026-07-20 00:44', 'session_2026-07-20-citation-mining-depth2-nonenglish', '2026-07-20 00:44', 'session_2026-07-20-citation-mining-depth2-nonenglish', NULL, NULL, 0, NULL, NULL, NULL, NULL, NULL, NULL, NULL, NULL, NULL, NULL, NULL, NULL, NULL, NULL, NULL, NULL),
('REF-00852', NULL, NULL, 0, NULL, NULL, 0, 'Hermans DG, Htay UH, Cooley SJ', 2007, NULL, 'Non-pharmacological interventions for wandering of people with dementia in the domestic setting (Cochrane Database of Systematic Reviews)', NULL, NULL, NULL, 'en', 'citing_document_language', NULL, NULL, NULL, NULL, NULL, 0, NULL, NULL, NULL, NULL, NULL, NULL, NULL, NULL, NULL, NULL, NULL, NULL, NULL, NULL, NULL, NULL, '10.1002/14651858.cd005994.pub2', NULL, NULL, NULL, NULL, NULL, NULL, NULL, NULL, 2, 'sr_meta', 'GB', NULL, NULL, NULL, 'COMPLETE', 'VERIFIED', NULL, NULL, NULL, 0, NULL, NULL, NULL, NULL, NULL, NULL, '2026-07-20 00:44', 'session_2026-07-20-citation-mining-depth2-nonenglish', '2026-07-20 00:44', 'session_2026-07-20-citation-mining-depth2-nonenglish', NULL, NULL, 0, NULL, NULL, NULL, NULL, NULL, NULL, NULL, NULL, NULL, NULL, NULL, NULL, NULL, NULL, NULL, NULL),
('REF-00853', NULL, NULL, 0, NULL, NULL, 0, 'Oliver D, Connelly JB, Victor CR, Shaw FE, Whitehead A, Genc Y, Vanoli A, Martin FC, Gosney MA', 2006, NULL, 'Strategies to prevent falls and fractures in hospitals and care homes and effect of cognitive impairment: systematic review and meta-analyses (BMJ 334(7584):82)', NULL, NULL, NULL, 'en', 'citing_document_language', NULL, NULL, NULL, NULL, NULL, 0, NULL, NULL, NULL, NULL, NULL, NULL, NULL, NULL, NULL, NULL, NULL, NULL, NULL, NULL, NULL, NULL, '10.1136/bmj.39049.706493.55', NULL, NULL, NULL, NULL, NULL, NULL, NULL, NULL, 2, 'sr_meta', 'GB', NULL, NULL, NULL, 'COMPLETE', 'VERIFIED', NULL, NULL, NULL, 0, NULL, NULL, NULL, NULL, NULL, NULL, '2026-07-20 00:44', 'session_2026-07-20-citation-mining-depth2-nonenglish', '2026-07-20 00:44', 'session_2026-07-20-citation-mining-depth2-nonenglish', NULL, NULL, 0, NULL, NULL, NULL, NULL, NULL, NULL, NULL, NULL, NULL, NULL, NULL, NULL, NULL, NULL, NULL, NULL),
('REF-00854', NULL, NULL, 0, NULL, NULL, 0, 'Roberts J, Browne G, Gafni A, Varieur M, Loney P, de Ruijter M', 2000, NULL, 'Specialized continuing care models for persons with dementia: A systematic review of the research literature (Canadian Journal on Aging 19(1):106-126)', NULL, NULL, NULL, 'en', 'citing_document_language', NULL, NULL, NULL, NULL, NULL, 0, NULL, NULL, NULL, NULL, NULL, NULL, NULL, NULL, NULL, NULL, NULL, NULL, NULL, NULL, NULL, NULL, '10.1017/s0714980800016615', NULL, NULL, NULL, NULL, NULL, NULL, NULL, NULL, 2, 'sr_meta', 'CA', NULL, NULL, NULL, 'COMPLETE', 'VERIFIED', NULL, NULL, NULL, 0, NULL, NULL, NULL, NULL, NULL, NULL, '2026-07-20 00:44', 'session_2026-07-20-citation-mining-depth2-nonenglish', '2026-07-20 00:44', 'session_2026-07-20-citation-mining-depth2-nonenglish', NULL, NULL, 0, NULL, NULL, NULL, NULL, NULL, NULL, NULL, NULL, NULL, NULL, NULL, NULL, NULL, NULL, NULL, NULL),
('REF-00855', NULL, NULL, 0, NULL, NULL, 0, 'Williams R, Reeve W, Ivison D, Kavanagh D', 1987, NULL, 'Use of environmental manipulation and modified informal reality orientation with institutionalized, confused elderly subjects: a replication (Age Ageing 16(5):315-318)', NULL, NULL, NULL, 'en', 'citing_document_language', NULL, NULL, NULL, NULL, NULL, 0, NULL, NULL, NULL, NULL, NULL, NULL, NULL, NULL, NULL, NULL, NULL, NULL, NULL, NULL, NULL, NULL, '10.1093/ageing/16.5.315', NULL, NULL, NULL, NULL, NULL, NULL, NULL, NULL, 1, 'clinical', 'GB', NULL, NULL, NULL, 'COMPLETE', 'VERIFIED', NULL, NULL, NULL, 0, NULL, NULL, NULL, NULL, NULL, NULL, '2026-07-20 00:44', 'session_2026-07-20-citation-mining-depth2-nonenglish', '2026-07-20 00:44', 'session_2026-07-20-citation-mining-depth2-nonenglish', NULL, NULL, 0, NULL, NULL, NULL, NULL, NULL, NULL, NULL, NULL, NULL, NULL, NULL, NULL, NULL, NULL, NULL, NULL),
('REF-00856', NULL, NULL, 0, NULL, NULL, 0, 'La Garce M', 2004, NULL, 'Daylight interventions and Alzheimer''s behaviors: A twelve-month study (Journal of Architectural and Planning Research 21(3):257-269)', NULL, NULL, NULL, 'en', 'citing_document_language', NULL, NULL, NULL, NULL, NULL, 0, NULL, NULL, NULL, NULL, NULL, NULL, NULL, NULL, NULL, NULL, NULL, NULL, NULL, NULL, NULL, NULL, NULL, NULL, NULL, NULL, NULL, NULL, NULL, NULL, NULL, 1, 'clinical', 'US', NULL, NULL, NULL, 'AUTHOR-TITLE-ONLY', 'UNVERIFIED-1', NULL, NULL, NULL, 0, NULL, NULL, NULL, NULL, NULL, NULL, '2026-07-20 00:44', 'session_2026-07-20-citation-mining-depth2-nonenglish', '2026-07-20 00:44', 'session_2026-07-20-citation-mining-depth2-nonenglish', NULL, NULL, 0, NULL, NULL, NULL, NULL, NULL, NULL, NULL, NULL, NULL, NULL, NULL, NULL, NULL, NULL, NULL, NULL),
('REF-00857', NULL, NULL, 0, NULL, NULL, 0, 'Sloane PD, Williams CS, Mitchell CM, Preisser JS, Wood W, Barrick AL, Hickman SE, Gill KS, Connell BR, Edinger J, Zimmerman S', 2007, NULL, 'High-intensity environmental light in dementia: effect on sleep and activity (J Am Geriatr Soc 55(10):1524-1533)', NULL, NULL, NULL, 'en', 'citing_document_language', NULL, NULL, NULL, NULL, NULL, 0, NULL, NULL, NULL, NULL, NULL, NULL, NULL, NULL, NULL, NULL, NULL, NULL, NULL, NULL, NULL, NULL, '10.1111/j.1532-5415.2007.01358.x', NULL, NULL, NULL, NULL, NULL, NULL, NULL, NULL, 1, 'clinical', 'US', NULL, NULL, NULL, 'COMPLETE', 'VERIFIED', NULL, NULL, NULL, 0, NULL, NULL, NULL, NULL, NULL, NULL, '2026-07-20 00:44', 'session_2026-07-20-citation-mining-depth2-nonenglish', '2026-07-20 00:44', 'session_2026-07-20-citation-mining-depth2-nonenglish', NULL, NULL, 0, NULL, NULL, NULL, NULL, NULL, NULL, NULL, NULL, NULL, NULL, NULL, NULL, NULL, NULL, NULL, NULL),
('REF-00858', NULL, NULL, 0, NULL, NULL, 0, 'Schwarz B, Chaudhury H, Tofle RB', 2004, NULL, 'Effect of design interventions on a dementia care setting (Am J Alzheimers Dis Other Demen 19(3):172-176)', NULL, NULL, NULL, 'en', 'citing_document_language', NULL, NULL, NULL, NULL, NULL, 0, NULL, NULL, NULL, NULL, NULL, NULL, NULL, NULL, NULL, NULL, NULL, NULL, NULL, NULL, NULL, NULL, '10.1177/153331750401900304', NULL, NULL, NULL, NULL, NULL, NULL, NULL, NULL, 1, 'clinical', 'US', NULL, NULL, NULL, 'COMPLETE', 'VERIFIED', NULL, NULL, NULL, 0, NULL, NULL, NULL, NULL, NULL, NULL, '2026-07-20 00:44', 'session_2026-07-20-citation-mining-depth2-nonenglish', '2026-07-20 00:44', 'session_2026-07-20-citation-mining-depth2-nonenglish', NULL, NULL, 0, NULL, NULL, NULL, NULL, NULL, NULL, NULL, NULL, NULL, NULL, NULL, NULL, NULL, NULL, NULL, NULL),
('REF-00859', NULL, NULL, 0, NULL, NULL, 0, 'Wilkes L, Fleming A, Wilkes BL, Cioffi JM, Le Miere J', 2005, NULL, 'Environmental approach to reducing agitation in older persons with dementia in a nursing home (Australasian Journal on Ageing 24(3):141-145)', NULL, NULL, NULL, 'en', 'citing_document_language', NULL, NULL, NULL, NULL, NULL, 0, NULL, NULL, NULL, NULL, NULL, NULL, NULL, NULL, NULL, NULL, NULL, NULL, NULL, NULL, NULL, NULL, '10.1111/j.1741-6612.2005.00105.x', NULL, NULL, NULL, NULL, NULL, NULL, NULL, NULL, 3, 'clinical', 'AU', NULL, NULL, NULL, 'COMPLETE', 'VERIFIED', NULL, NULL, NULL, 0, NULL, NULL, NULL, NULL, NULL, NULL, '2026-07-20 00:44', 'session_2026-07-20-citation-mining-depth2-nonenglish', '2026-07-20 00:44', 'session_2026-07-20-citation-mining-depth2-nonenglish', NULL, NULL, 0, NULL, NULL, NULL, NULL, NULL, NULL, NULL, NULL, NULL, NULL, NULL, NULL, NULL, NULL, NULL, NULL),
('REF-00860', NULL, NULL, 0, NULL, NULL, 0, 'Zeisel J, Silverstein NM, Hyde J, Levkoff S, Lawton MP, Holmes W', 2003, NULL, 'Environmental correlates to behavioral health outcomes in Alzheimer''s special care units (Gerontologist 43(5):697-711)', NULL, NULL, NULL, 'en', 'citing_document_language', NULL, NULL, NULL, NULL, NULL, 0, NULL, NULL, NULL, NULL, NULL, NULL, NULL, NULL, NULL, NULL, NULL, NULL, NULL, NULL, NULL, NULL, '10.1093/geront/43.5.697', NULL, NULL, NULL, NULL, NULL, NULL, NULL, NULL, 3, 'clinical', 'US', NULL, NULL, NULL, 'COMPLETE', 'VERIFIED', NULL, NULL, NULL, 0, NULL, NULL, NULL, NULL, NULL, NULL, '2026-07-20 00:44', 'session_2026-07-20-citation-mining-depth2-nonenglish', '2026-07-20 00:44', 'session_2026-07-20-citation-mining-depth2-nonenglish', NULL, NULL, 0, NULL, NULL, NULL, NULL, NULL, NULL, NULL, NULL, NULL, NULL, NULL, NULL, NULL, NULL, NULL, NULL),
('REF-00861', NULL, NULL, 0, NULL, NULL, 0, 'Kruse L, Graumann CF, Lantermann E (eds)', 1990, NULL, 'Ökologische Psychologie. Ein Handbuch in Schlüsselbegriffen (Ecological Psychology: A Handbook of Key Concepts)', NULL, NULL, NULL, 'de', 'citing_document_language', NULL, NULL, NULL, NULL, NULL, 0, NULL, NULL, NULL, NULL, NULL, NULL, NULL, NULL, NULL, NULL, NULL, NULL, NULL, NULL, NULL, NULL, NULL, NULL, NULL, NULL, NULL, NULL, NULL, NULL, NULL, 3, 'clinical', 'DE', NULL, NULL, NULL, 'AUTHOR-TITLE-ONLY', 'UNVERIFIED-1', NULL, NULL, NULL, 0, NULL, NULL, NULL, NULL, NULL, NULL, '2026-07-20 00:45', 'session_2026-07-20-citation-mining-depth2-nonenglish', '2026-07-20 00:45', 'session_2026-07-20-citation-mining-depth2-nonenglish', NULL, NULL, 0, NULL, NULL, NULL, NULL, NULL, NULL, NULL, NULL, NULL, NULL, NULL, NULL, NULL, NULL, NULL, NULL),
('REF-00862', NULL, NULL, 0, NULL, NULL, 0, 'Richter P (ed)', 2009, NULL, 'Architekturpsychologie. Eine Einführung (Architectural Psychology: An Introduction), 3rd ed.', NULL, NULL, NULL, 'de', 'citing_document_language', NULL, NULL, NULL, NULL, NULL, 0, NULL, NULL, NULL, NULL, NULL, NULL, NULL, NULL, NULL, NULL, NULL, NULL, NULL, NULL, NULL, NULL, NULL, NULL, NULL, NULL, NULL, NULL, NULL, NULL, NULL, 3, 'clinical', 'DE', NULL, NULL, NULL, 'AUTHOR-TITLE-ONLY', 'UNVERIFIED-1', NULL, NULL, NULL, 0, NULL, NULL, NULL, NULL, NULL, NULL, '2026-07-20 00:45', 'session_2026-07-20-citation-mining-depth2-nonenglish', '2026-07-20 00:45', 'session_2026-07-20-citation-mining-depth2-nonenglish', NULL, NULL, 0, NULL, NULL, NULL, NULL, NULL, NULL, NULL, NULL, NULL, NULL, NULL, NULL, NULL, NULL, NULL, NULL),
('REF-00863', NULL, NULL, 0, NULL, NULL, 0, 'Schädle-Deininger H', 2006, NULL, 'Fachpflege Psychiatrie (Psychiatric Specialty Nursing)', NULL, NULL, NULL, 'de', 'citing_document_language', NULL, NULL, NULL, NULL, NULL, 0, NULL, NULL, NULL, NULL, NULL, NULL, NULL, NULL, NULL, NULL, NULL, NULL, NULL, NULL, NULL, NULL, NULL, NULL, NULL, NULL, NULL, NULL, NULL, NULL, NULL, 3, 'clinical', 'DE', NULL, NULL, NULL, 'AUTHOR-TITLE-ONLY', 'UNVERIFIED-1', NULL, NULL, NULL, 0, NULL, NULL, NULL, NULL, NULL, NULL, '2026-07-20 00:45', 'session_2026-07-20-citation-mining-depth2-nonenglish', '2026-07-20 00:45', 'session_2026-07-20-citation-mining-depth2-nonenglish', NULL, NULL, 0, NULL, NULL, NULL, NULL, NULL, NULL, NULL, NULL, NULL, NULL, NULL, NULL, NULL, NULL, NULL, NULL),
('REF-00864', NULL, NULL, 0, NULL, NULL, 0, 'Ulrich RS', 1991, NULL, 'Effects of interior design on wellness: theory and recent scientific research (Journal of Health Care Interior Design, 3, 97-109)', NULL, NULL, NULL, 'en', 'citing_document_language', NULL, NULL, NULL, NULL, NULL, 0, NULL, NULL, NULL, NULL, NULL, NULL, NULL, NULL, NULL, NULL, NULL, NULL, NULL, NULL, NULL, NULL, NULL, NULL, NULL, NULL, NULL, NULL, NULL, NULL, NULL, 3, 'clinical', 'US', NULL, NULL, NULL, 'AUTHOR-TITLE-ONLY', 'UNVERIFIED-1', NULL, NULL, NULL, 0, NULL, NULL, NULL, NULL, NULL, NULL, '2026-07-20 00:45', 'session_2026-07-20-citation-mining-depth2-nonenglish', '2026-07-20 00:45', 'session_2026-07-20-citation-mining-depth2-nonenglish', NULL, NULL, 0, NULL, NULL, NULL, NULL, NULL, NULL, NULL, NULL, NULL, NULL, NULL, NULL, NULL, NULL, NULL, NULL);

INSERT INTO source_slug_links (ref_id, slug, local_ref_id, created_at, created_by_session, updated_at, updated_by_session, relevance_note) VALUES
('REF-00861', 'mental-health-built-environment', 'MHB-37', '2026-07-20 00:45', 'session_2026-07-20-citation-mining-depth2-nonenglish', '2026-07-20 00:45', 'session_2026-07-20-citation-mining-depth2-nonenglish', NULL),
('REF-00856', 'wayfinding-dementia-spatial-design', 'WDS-32', '2026-07-20 00:44', 'session_2026-07-20-citation-mining-depth2-nonenglish', '2026-07-20 00:44', 'session_2026-07-20-citation-mining-depth2-nonenglish', NULL),
('REF-00851', 'wayfinding-dementia-spatial-design', 'WDS-27', '2026-07-20 00:44', 'session_2026-07-20-citation-mining-depth2-nonenglish', '2026-07-20 00:44', 'session_2026-07-20-citation-mining-depth2-nonenglish', NULL),
('REF-00862', 'mental-health-built-environment', 'MHB-38', '2026-07-20 00:45', 'session_2026-07-20-citation-mining-depth2-nonenglish', '2026-07-20 00:45', 'session_2026-07-20-citation-mining-depth2-nonenglish', NULL),
('REF-00863', 'mental-health-built-environment', 'MHB-39', '2026-07-20 00:45', 'session_2026-07-20-citation-mining-depth2-nonenglish', '2026-07-20 00:45', 'session_2026-07-20-citation-mining-depth2-nonenglish', NULL),
('REF-00847', 'mental-health-built-environment', 'MHB-36', '2026-07-20 00:41', 'session_2026-07-20-citation-mining-depth2-nonenglish', '2026-07-20 00:41', 'session_2026-07-20-citation-mining-depth2-nonenglish', NULL),
('REF-00849', 'sensory-space-global-south', 'SSG-18', '2026-07-20 00:41', 'session_2026-07-20-citation-mining-depth2-nonenglish', '2026-07-20 00:41', 'session_2026-07-20-citation-mining-depth2-nonenglish', NULL),
('REF-00864', 'mental-health-built-environment', 'MHB-40', '2026-07-20 00:45', 'session_2026-07-20-citation-mining-depth2-nonenglish', '2026-07-20 00:45', 'session_2026-07-20-citation-mining-depth2-nonenglish', NULL),
('REF-00855', 'wayfinding-dementia-spatial-design', 'WDS-31', '2026-07-20 00:44', 'session_2026-07-20-citation-mining-depth2-nonenglish', '2026-07-20 00:44', 'session_2026-07-20-citation-mining-depth2-nonenglish', NULL),
('REF-00850', 'sensory-space-global-south', 'SSG-19', '2026-07-20 00:41', 'session_2026-07-20-citation-mining-depth2-nonenglish', '2026-07-20 00:41', 'session_2026-07-20-citation-mining-depth2-nonenglish', NULL),
('REF-00858', 'wayfinding-dementia-spatial-design', 'WDS-34', '2026-07-20 00:44', 'session_2026-07-20-citation-mining-depth2-nonenglish', '2026-07-20 00:44', 'session_2026-07-20-citation-mining-depth2-nonenglish', NULL),
('REF-00846', 'sensory-space-global-south', 'SSG-16', '2026-07-20 00:41', 'session_2026-07-20-citation-mining-depth2-nonenglish', '2026-07-20 00:41', 'session_2026-07-20-citation-mining-depth2-nonenglish', NULL),
('REF-00859', 'wayfinding-dementia-spatial-design', 'WDS-35', '2026-07-20 00:44', 'session_2026-07-20-citation-mining-depth2-nonenglish', '2026-07-20 00:44', 'session_2026-07-20-citation-mining-depth2-nonenglish', NULL),
('REF-00845', 'mental-health-built-environment', 'MHB-35', '2026-07-20 00:41', 'session_2026-07-20-citation-mining-depth2-nonenglish', '2026-07-20 00:41', 'session_2026-07-20-citation-mining-depth2-nonenglish', NULL),
('REF-00848', 'sensory-space-global-south', 'SSG-17', '2026-07-20 00:41', 'session_2026-07-20-citation-mining-depth2-nonenglish', '2026-07-20 00:41', 'session_2026-07-20-citation-mining-depth2-nonenglish', NULL),
('REF-00854', 'wayfinding-dementia-spatial-design', 'WDS-30', '2026-07-20 00:44', 'session_2026-07-20-citation-mining-depth2-nonenglish', '2026-07-20 00:44', 'session_2026-07-20-citation-mining-depth2-nonenglish', NULL),
('REF-00853', 'wayfinding-dementia-spatial-design', 'WDS-29', '2026-07-20 00:44', 'session_2026-07-20-citation-mining-depth2-nonenglish', '2026-07-20 00:44', 'session_2026-07-20-citation-mining-depth2-nonenglish', NULL),
('REF-00860', 'wayfinding-dementia-spatial-design', 'WDS-36', '2026-07-20 00:44', 'session_2026-07-20-citation-mining-depth2-nonenglish', '2026-07-20 00:44', 'session_2026-07-20-citation-mining-depth2-nonenglish', NULL),
('REF-00852', 'wayfinding-dementia-spatial-design', 'WDS-28', '2026-07-20 00:44', 'session_2026-07-20-citation-mining-depth2-nonenglish', '2026-07-20 00:44', 'session_2026-07-20-citation-mining-depth2-nonenglish', NULL),
('REF-00857', 'wayfinding-dementia-spatial-design', 'WDS-33', '2026-07-20 00:44', 'session_2026-07-20-citation-mining-depth2-nonenglish', '2026-07-20 00:44', 'session_2026-07-20-citation-mining-depth2-nonenglish', NULL);

INSERT INTO citation_mining (slug, local_ref_id, global_ref_id, doi, backward, forward, connections_produced, notes, created_at, created_by_session, updated_at, updated_by_session, deferred_reason) VALUES
('mental-health-built-environment', 'MHB-30', NULL, NULL, 0, 0, '[]', 'Depth-2 backward mining ATTEMPTED: this source is a published book/dissertation (print/paywalled, no freely accessible full text found via web search). Real, verified bibliographic metadata already on file. DEFERRED — not a dead end, just not accessible without institutional/library access. Re-eligible if a full-text copy becomes findable.', '2026-07-20T00:45:44Z', 'session_2026-07-20-citation-mining-depth2-nonenglish', '2026-07-20T00:45:44Z', 'session_2026-07-20-citation-mining-depth2-nonenglish', 'print_paywalled_no_fulltext'),
('sensory-room-user-control', 'SRU-KO-02', NULL, NULL, 1, 1, '[]', 'CrossRef record: reference-count=0 (no bibliography). Forward: 1 citing paper (Nguyen et al, Vietnamese conference paper on parent coaching, no DOI) — excluded per relevance filter (parent-coaching program, not built-environment application). NULL RESULT for new discoveries, both directions attempted.', '2026-07-20 00:41', 'session_2026-07-20-citation-mining-depth2-nonenglish', '2026-07-20 00:42', 'session_2026-07-20-citation-mining-depth2-nonenglish', NULL),
('sensory-space-global-south', 'SSG-15', NULL, NULL, 1, 1, '["MHB-35", "SSG-16", "MHB-36", "SSG-17", "SSG-18", "SSG-19"]', 'Backward: 32 references in CrossRef record, filtered to 6 relevant new discoveries (excluded tourism/marketing pieces, product descriptions, and tangential neuroscience papers per relevance filter). Forward: 0 citations (too recently published, Nov 2025).', '2026-07-20 00:41', 'session_2026-07-20-citation-mining-depth2-nonenglish', '2026-07-20 00:41', 'session_2026-07-20-citation-mining-depth2-nonenglish', NULL),
('accessible-design-economics-cost-premium', 'ECP-14', NULL, NULL, 0, 0, '[]', 'Depth-2 backward mining ATTEMPTED: this source is a published book/dissertation (print/paywalled, no freely accessible full text found via web search). Real, verified bibliographic metadata already on file. DEFERRED — not a dead end, just not accessible without institutional/library access. Re-eligible if a full-text copy becomes findable.', '2026-07-20T00:45:44Z', 'session_2026-07-20-citation-mining-depth2-nonenglish', '2026-07-20T00:45:44Z', 'session_2026-07-20-citation-mining-depth2-nonenglish', 'print_paywalled_no_fulltext'),
('mental-health-built-environment', 'MHB-32', NULL, NULL, 0, 0, '[]', 'Depth-2 backward mining ATTEMPTED: this source is a published book/dissertation (print/paywalled, no freely accessible full text found via web search). Real, verified bibliographic metadata already on file. DEFERRED — not a dead end, just not accessible without institutional/library access. Re-eligible if a full-text copy becomes findable.', '2026-07-20T00:45:44Z', 'session_2026-07-20-citation-mining-depth2-nonenglish', '2026-07-20T00:45:44Z', 'session_2026-07-20-citation-mining-depth2-nonenglish', 'print_paywalled_no_fulltext'),
('wayfinding-dementia-spatial-design', 'WDS-24', NULL, NULL, 1, 0, '["WDS-27", "WDS-28", "WDS-29", "WDS-30", "WDS-31", "WDS-32", "WDS-33", "WDS-34", "WDS-35", "WDS-36"]', NULL, '2026-07-20 00:45', 'session_2026-07-20-citation-mining-depth2-nonenglish', '2026-07-20 00:45', 'session_2026-07-20-citation-mining-depth2-nonenglish', NULL),
('mental-health-built-environment', 'MHB-33', NULL, NULL, 1, 0, '["MHB-37", "MHB-38", "MHB-39", "MHB-40"]', NULL, '2026-07-20 00:45', 'session_2026-07-20-citation-mining-depth2-nonenglish', '2026-07-20 00:45', 'session_2026-07-20-citation-mining-depth2-nonenglish', NULL),
('mental-health-built-environment', 'MHB-29', NULL, NULL, 0, 0, '[]', 'Depth-2 backward mining ATTEMPTED: this source is a published book/dissertation (print/paywalled, no freely accessible full text found via web search). Real, verified bibliographic metadata already on file. DEFERRED — not a dead end, just not accessible without institutional/library access. Re-eligible if a full-text copy becomes findable.', '2026-07-20T00:45:44Z', 'session_2026-07-20-citation-mining-depth2-nonenglish', '2026-07-20T00:45:44Z', 'session_2026-07-20-citation-mining-depth2-nonenglish', 'print_paywalled_no_fulltext'),
('accessible-design-economics-cost-premium', 'ECP-15', NULL, NULL, 0, 0, '[]', 'Depth-2 backward mining ATTEMPTED: this source is a published book/dissertation (print/paywalled, no freely accessible full text found via web search). Real, verified bibliographic metadata already on file. DEFERRED — not a dead end, just not accessible without institutional/library access. Re-eligible if a full-text copy becomes findable.', '2026-07-20T00:45:44Z', 'session_2026-07-20-citation-mining-depth2-nonenglish', '2026-07-20T00:45:44Z', 'session_2026-07-20-citation-mining-depth2-nonenglish', 'print_paywalled_no_fulltext'),
('mental-health-built-environment', 'MHB-34', NULL, NULL, 0, 0, '[]', 'Depth-2 backward mining ATTEMPTED: this source is a published book/dissertation (print/paywalled, no freely accessible full text found via web search). Real, verified bibliographic metadata already on file. DEFERRED — not a dead end, just not accessible without institutional/library access. Re-eligible if a full-text copy becomes findable.', '2026-07-20T00:45:44Z', 'session_2026-07-20-citation-mining-depth2-nonenglish', '2026-07-20T00:45:44Z', 'session_2026-07-20-citation-mining-depth2-nonenglish', 'print_paywalled_no_fulltext'),
('accessible-design-economics-cost-premium', 'ECP-13', NULL, NULL, 0, 0, '[]', 'Depth-2 backward mining ATTEMPTED: this source is a published book/dissertation (print/paywalled, no freely accessible full text found via web search). Real, verified bibliographic metadata already on file. DEFERRED — not a dead end, just not accessible without institutional/library access. Re-eligible if a full-text copy becomes findable.', '2026-07-20T00:45:44Z', 'session_2026-07-20-citation-mining-depth2-nonenglish', '2026-07-20T00:45:44Z', 'session_2026-07-20-citation-mining-depth2-nonenglish', 'print_paywalled_no_fulltext'),
('construction-cost-data', 'CCD-12', NULL, NULL, 0, 0, '[]', 'Depth-2 backward mining ATTEMPTED: this source is a published book/dissertation (print/paywalled, no freely accessible full text found via web search). Real, verified bibliographic metadata already on file. DEFERRED — not a dead end, just not accessible without institutional/library access. Re-eligible if a full-text copy becomes findable.', '2026-07-20T00:45:44Z', 'session_2026-07-20-citation-mining-depth2-nonenglish', '2026-07-20T00:45:44Z', 'session_2026-07-20-citation-mining-depth2-nonenglish', 'print_paywalled_no_fulltext'),
('mental-health-built-environment', 'MHB-31', NULL, NULL, 0, 0, '[]', 'Depth-2 backward mining ATTEMPTED: this source is a published book/dissertation (print/paywalled, no freely accessible full text found via web search). Real, verified bibliographic metadata already on file. DEFERRED — not a dead end, just not accessible without institutional/library access. Re-eligible if a full-text copy becomes findable.', '2026-07-20T00:45:44Z', 'session_2026-07-20-citation-mining-depth2-nonenglish', '2026-07-20T00:45:44Z', 'session_2026-07-20-citation-mining-depth2-nonenglish', 'print_paywalled_no_fulltext'),
('construction-cost-data', 'CCD-11', NULL, NULL, 0, 0, '[]', 'Depth-2 backward mining ATTEMPTED: real venue confirmed (Deutsches Ärzteblatt), but the article''s full text is behind a login wall (''nur für eingeloggte Benutzer sichtbar''). No DOI found via search. DEFERRED.', '2026-07-20T00:45:44Z', 'session_2026-07-20-citation-mining-depth2-nonenglish', '2026-07-20T00:45:44Z', 'session_2026-07-20-citation-mining-depth2-nonenglish', 'login_walled');

COMMIT;
