-- data_20260724161413_2026-07-24-research-matrix-completion.sql
-- Data migration generated by scripts/emit_data_migration.py
-- Session:    session_2026-07-24-research-matrix-completion
-- Generated:  2026-07-24T16:14:13+00:00
-- Summary:    research-matrix batch 7: visitability/low-vision/MCS(JA)/wayfinding cells + 4 verified sources incl. a Japanese-language primary
--
-- This file is forward-only and immutable once committed. If a correction is
-- needed, emit a NEW data migration that compensates — do not edit this file.

BEGIN TRANSACTION;

-- Research-matrix batch 7: 6 rows (2 deferred) + 4 verified (incl. a JA-language source) filed.
INSERT INTO evidence_sources (ref_id,source_type,first_author_last,first_author_first,author_count,author_count_is_complete,is_corporate_primary,pub_year,pub_title,journal_name,doi,url,jurisdiction,language,lang_detected,tier,evidence_type,scope,verification_status,metadata_quality,doi_resolution_outcome,url_resolution_outcome,verified_by_tool,last_verified_at,prior_expectation,search_queries_used,notes,created_at,created_by_session,updated_at,updated_by_session) VALUES ('REF-00936','journal_article','Schambureck','Erin',2,1,0,2018,'Design for Sight: A Typology System for Low-Vision Design Factors','Journal of Interior Design','10.1111/joid.12120','https://doi.org/10.1111/joid.12120','US','en','en',3,'clinical','lower_control','VERIFIED','COMPLETE','RESOLVED','RESOLVED','scholar_gateway','2026-07-24T16:15:00+00:00','Expected low-vision built-environment evidence to be scattered guidance; searched to anchor a design-factor typology tying luminance/contrast to low-vision needs.','Scholar Gateway: luminance contrast lighting built environment low vision visual impairment','Typology of low-vision design factors (luminance/contrast/lighting). Tier 3. Filed to visual-impairment-built-environment.','2026-07-24T16:15:00+00:00','session_2026-07-24-research-matrix-completion','2026-07-24T16:15:00+00:00','session_2026-07-24-research-matrix-completion');
INSERT INTO evidence_sources (ref_id,source_type,first_author_last,first_author_first,author_count,author_count_is_complete,is_corporate_primary,pub_year,pub_title,journal_name,doi,url,jurisdiction,language,lang_detected,tier,evidence_type,scope,verification_status,metadata_quality,doi_resolution_outcome,url_resolution_outcome,verified_by_tool,last_verified_at,prior_expectation,search_queries_used,notes,created_at,created_by_session,updated_at,updated_by_session) VALUES ('REF-00938','journal_article','Tao','Yiyi',5,1,0,2018,'Legibility of floor plans and wayfinding satisfaction of residents in care and attention homes','Australasian Journal on Ageing','10.1111/ajag.12574','https://doi.org/10.1111/ajag.12574','AU','en','en',3,'clinical','lower_control','VERIFIED','COMPLETE','RESOLVED','RESOLVED','scholar_gateway','2026-07-24T16:15:00+00:00','Expected wayfinding-legibility evidence to be lab-based; searched to anchor a real-setting study linking floor-plan legibility to wayfinding satisfaction.','Scholar Gateway: wayfinding spatial cognition environmental legibility architectural design cognitive impairment','Study of floor-plan legibility and wayfinding satisfaction in care homes. Tier 3. Filed to wayfinding-cognitive-science-spatial-design.','2026-07-24T16:15:00+00:00','session_2026-07-24-research-matrix-completion','2026-07-24T16:15:00+00:00','session_2026-07-24-research-matrix-completion');
INSERT INTO evidence_sources (ref_id,source_type,first_author_last,first_author_first,author_count,author_count_is_complete,is_corporate_primary,pub_year,pub_title,journal_name,pmid,jurisdiction,language,lang_detected,tier,evidence_type,scope,verification_status,metadata_quality,verified_by_tool,last_verified_at,prior_expectation,search_queries_used,notes,created_at,created_by_session,updated_at,updated_by_session) VALUES ('REF-00937','journal_article','Jinno','Hideto',7,1,0,2007,'[Impact of air fresheners and deodorizers on the indoor total volatile organic compounds]','Bulletin of National Institute of Health Sciences (Kokuritsu Iyakuhin Shokuhin Eisei Kenkyujo)','18220049','JP','ja','ja',3,'clinical','lower_control','VERIFIED','PMID-ONLY','pubmed','2026-07-24T16:15:00+00:00','Expected indoor VOC/MCS evidence to be English-dominant; searched Japanese-indexed literature to test whether non-English primary evidence on household-product VOC emissions exists independently.','PubMed: multiple chemical sensitivity indoor air quality volatile organic compounds building environment','JAPANESE-LANGUAGE primary study: VOC/TVOC emission rates of air fresheners/deodorizers (JIS A 1901 chamber); TVOC up to 6900 ug/unit/h; mean indoor increment 170 ug/m3 (~40% of 400 ug/m3 target). Tier 3. Genuine non-English source (not a consensus-mirror). Filed to air-quality-voc-chemical-sensitivity-built-environment.','2026-07-24T16:15:00+00:00','session_2026-07-24-research-matrix-completion','2026-07-24T16:15:00+00:00','session_2026-07-24-research-matrix-completion');
INSERT INTO evidence_sources (ref_id,source_type,is_corporate_primary,author_display,pub_year,pub_title,standard_number,publisher,url,jurisdiction,language,lang_detected,tier,evidence_type,scope,verification_status,metadata_quality,url_resolution_outcome,verified_by_tool,last_verified_at,prior_expectation,search_queries_used,notes,created_at,created_by_session,updated_at,updated_by_session) VALUES ('REF-00939','code',1,'City of Houston (ICC IRC Appendix AV)',2021,'Residential Code Appendix AV — Visitability','Houston IRC 2021 App. AV','International Code Council / City of Houston','https://up.codes/viewer/houston/irc-2021/chapter/new_AV/visitability','US','en','en',6,'code','national','VERIFIED','COMPLETE-STATUTORY','RESOLVED','web','2026-07-24T16:15:00+00:00','Expected visitability minimums (zero-step entry, 32in doors, main-floor half bath) to be code-adopted somewhere in the US; searched to anchor an adopted municipal visitability code.','WebSearch: visitability zero-step entrance 32 inch clear doorway width residential minimum accessibility','Adopted municipal visitability code: 1 zero-step entrance; 32in clear interior doors; main-floor half bath; thresholds <=3/4in ext /1/2in other; path <=1:20. Tier 6 statutory code (regulatory stratum, weak-band only). Filed to visitability-residential-accessibility-minimum-standards.','2026-07-24T16:15:00+00:00','session_2026-07-24-research-matrix-completion','2026-07-24T16:15:00+00:00','session_2026-07-24-research-matrix-completion');
INSERT INTO evidence_source_authors (ref_id,position,last_name,first_name,is_corporate,created_at,created_by_session) VALUES ('REF-00936',1,'Schambureck','Erin',0,'2026-07-24T16:15:00+00:00','session_2026-07-24-research-matrix-completion');
INSERT INTO evidence_source_authors (ref_id,position,last_name,first_name,is_corporate,created_at,created_by_session) VALUES ('REF-00936',2,'Parkinson','Shannon',0,'2026-07-24T16:15:00+00:00','session_2026-07-24-research-matrix-completion');
INSERT INTO evidence_source_authors (ref_id,position,last_name,first_name,is_corporate,created_at,created_by_session) VALUES ('REF-00938',1,'Tao','Yiyi',0,'2026-07-24T16:15:00+00:00','session_2026-07-24-research-matrix-completion');
INSERT INTO evidence_source_authors (ref_id,position,last_name,first_name,is_corporate,created_at,created_by_session) VALUES ('REF-00938',2,'Gou','Zhonghua',0,'2026-07-24T16:15:00+00:00','session_2026-07-24-research-matrix-completion');
INSERT INTO evidence_source_authors (ref_id,position,last_name,first_name,is_corporate,created_at,created_by_session) VALUES ('REF-00938',3,'Lau','Stephen',0,'2026-07-24T16:15:00+00:00','session_2026-07-24-research-matrix-completion');
INSERT INTO evidence_source_authors (ref_id,position,last_name,first_name,is_corporate,created_at,created_by_session) VALUES ('REF-00938',4,'Lu','Yi',0,'2026-07-24T16:15:00+00:00','session_2026-07-24-research-matrix-completion');
INSERT INTO evidence_source_authors (ref_id,position,last_name,first_name,is_corporate,created_at,created_by_session) VALUES ('REF-00938',5,'Fu','Jie',0,'2026-07-24T16:15:00+00:00','session_2026-07-24-research-matrix-completion');
INSERT INTO evidence_source_authors (ref_id,position,last_name,first_name,is_corporate,created_at,created_by_session) VALUES ('REF-00937',1,'Jinno','Hideto',0,'2026-07-24T16:15:00+00:00','session_2026-07-24-research-matrix-completion');
INSERT INTO evidence_source_authors (ref_id,position,last_name,first_name,is_corporate,created_at,created_by_session) VALUES ('REF-00937',2,'Tanaka-Kagawa','Toshiko',0,'2026-07-24T16:15:00+00:00','session_2026-07-24-research-matrix-completion');
INSERT INTO evidence_source_authors (ref_id,position,last_name,first_name,is_corporate,created_at,created_by_session) VALUES ('REF-00937',3,'Obama','Tomoko',0,'2026-07-24T16:15:00+00:00','session_2026-07-24-research-matrix-completion');
INSERT INTO evidence_source_authors (ref_id,position,last_name,first_name,is_corporate,created_at,created_by_session) VALUES ('REF-00937',4,'Miyagawa','Makoto',0,'2026-07-24T16:15:00+00:00','session_2026-07-24-research-matrix-completion');
INSERT INTO evidence_source_authors (ref_id,position,last_name,first_name,is_corporate,created_at,created_by_session) VALUES ('REF-00937',5,'Yoshikawa','Jun',0,'2026-07-24T16:15:00+00:00','session_2026-07-24-research-matrix-completion');
INSERT INTO evidence_source_authors (ref_id,position,last_name,first_name,is_corporate,created_at,created_by_session) VALUES ('REF-00937',6,'Komatsu','Kazuhiro',0,'2026-07-24T16:15:00+00:00','session_2026-07-24-research-matrix-completion');
INSERT INTO evidence_source_authors (ref_id,position,last_name,first_name,is_corporate,created_at,created_by_session) VALUES ('REF-00937',7,'Tokunaga','Hiroshi',0,'2026-07-24T16:15:00+00:00','session_2026-07-24-research-matrix-completion');
INSERT INTO source_slug_links (ref_id,slug,local_ref_id,created_at,created_by_session,updated_at,updated_by_session,relevance_note) VALUES ('REF-00936','visual-impairment-built-environment','VIB-9','2026-07-24T16:15:00+00:00','session_2026-07-24-research-matrix-completion','2026-07-24T16:15:00+00:00','session_2026-07-24-research-matrix-completion','Low-vision design-factor typology (luminance/contrast); Tier 3. Filed to visual-impairment-built-environment.');
INSERT INTO source_slug_links (ref_id,slug,local_ref_id,created_at,created_by_session,updated_at,updated_by_session,relevance_note) VALUES ('REF-00937','air-quality-voc-chemical-sensitivity-built-environment','AQV-13','2026-07-24T16:15:00+00:00','session_2026-07-24-research-matrix-completion','2026-07-24T16:15:00+00:00','session_2026-07-24-research-matrix-completion','Japanese-language primary VOC-emission study; Tier 3. Filed to air-quality-voc-chemical-sensitivity-built-environment.');
INSERT INTO source_slug_links (ref_id,slug,local_ref_id,created_at,created_by_session,updated_at,updated_by_session,relevance_note) VALUES ('REF-00938','wayfinding-cognitive-science-spatial-design','WCS-9','2026-07-24T16:15:00+00:00','session_2026-07-24-research-matrix-completion','2026-07-24T16:15:00+00:00','session_2026-07-24-research-matrix-completion','Floor-plan legibility & wayfinding satisfaction; Tier 3. Filed to wayfinding-cognitive-science-spatial-design.');
INSERT INTO source_slug_links (ref_id,slug,local_ref_id,created_at,created_by_session,updated_at,updated_by_session,relevance_note) VALUES ('REF-00939','visitability-residential-accessibility-minimum-standards','VRA-8','2026-07-24T16:15:00+00:00','session_2026-07-24-research-matrix-completion','2026-07-24T16:15:00+00:00','session_2026-07-24-research-matrix-completion','Adopted municipal visitability code; Tier 6 (regulatory stratum). Filed to visitability-residential-accessibility-minimum-standards.');
INSERT INTO search_executions (slug,jurisdiction,language,target_tier,target_evidence_type,target_scope,query_text,engine,depth_method,mining_direction,results_found,results_screened,results_admitted,saturation_signal,admitted_ref_ids,deferred_reason,backfill,session,executed_at) VALUES ('visitability-residential-accessibility-minimum-standards','US','en',6,'code','national','visitability zero-step entrance 32 inch clear doorway width residential minimum accessibility','web','scoping','none',10,7,1,'partial','["REF-00939"]',NULL,0,'session_2026-07-24-research-matrix-completion','2026-07-24T16:15:00+00:00');
INSERT INTO search_executions (slug,jurisdiction,language,target_tier,target_evidence_type,target_scope,query_text,engine,depth_method,mining_direction,results_found,results_screened,results_admitted,saturation_signal,admitted_ref_ids,deferred_reason,backfill,session,executed_at) VALUES ('visual-impairment-built-environment',NULL,'en',3,'clinical','lower_control','luminance contrast lighting built environment low vision visual impairment','scholar','scoping','none',10,6,1,'partial','["REF-00936"]',NULL,0,'session_2026-07-24-research-matrix-completion','2026-07-24T16:15:00+00:00');
INSERT INTO search_executions (slug,jurisdiction,language,target_tier,target_evidence_type,target_scope,query_text,engine,depth_method,mining_direction,results_found,results_screened,results_admitted,saturation_signal,admitted_ref_ids,deferred_reason,backfill,session,executed_at) VALUES ('air-quality-voc-chemical-sensitivity-built-environment','JP','ja',3,'clinical','lower_control','multiple chemical sensitivity indoor air quality volatile organic compounds building environment','pubmed','scoping','none',1,1,1,'partial','["REF-00937"]',NULL,0,'session_2026-07-24-research-matrix-completion','2026-07-24T16:15:00+00:00');
INSERT INTO search_executions (slug,jurisdiction,language,target_tier,target_evidence_type,target_scope,query_text,engine,depth_method,mining_direction,results_found,results_screened,results_admitted,saturation_signal,admitted_ref_ids,deferred_reason,backfill,session,executed_at) VALUES ('wayfinding-cognitive-science-spatial-design',NULL,'en',3,'clinical','lower_control','wayfinding spatial cognition environmental legibility architectural design cognitive impairment','scholar','scoping','none',10,7,1,'partial','["REF-00938"]',NULL,0,'session_2026-07-24-research-matrix-completion','2026-07-24T16:15:00+00:00');
INSERT INTO search_executions (slug,jurisdiction,language,target_tier,target_evidence_type,target_scope,query_text,engine,depth_method,mining_direction,results_found,results_screened,results_admitted,saturation_signal,admitted_ref_ids,deferred_reason,backfill,session,executed_at) VALUES ('visual-impairment-built-environment','IN','hi',NULL,NULL,NULL,'[DEFERRED] Hindi low-vision built-environment query','manual','scoping','none',0,0,0,NULL,NULL,'no controlled vocabulary for HI (0 aliases); Phase-1 vocab blocker [UNVERIFIED-TERMS]',0,'session_2026-07-24-research-matrix-completion','2026-07-24T16:15:00+00:00');
INSERT INTO search_executions (slug,jurisdiction,language,target_tier,target_evidence_type,target_scope,query_text,engine,depth_method,mining_direction,results_found,results_screened,results_admitted,saturation_signal,admitted_ref_ids,deferred_reason,backfill,session,executed_at) VALUES ('air-quality-voc-chemical-sensitivity-built-environment','EG','ar',NULL,NULL,NULL,'[DEFERRED] Arabic indoor-air-quality query','manual','scoping','none',0,0,0,NULL,NULL,'no controlled vocabulary for AR (0 aliases); Phase-1 vocab blocker [UNVERIFIED-TERMS]',0,'session_2026-07-24-research-matrix-completion','2026-07-24T16:15:00+00:00');

COMMIT;
