-- data_20260724031930_2026-07-24-vestibular-balance-collection.sql
-- Data migration generated by scripts/emit_data_migration.py
-- Session:    session_2026-07-24-vestibular-balance-collection
-- Generated:  2026-07-24T03:19:30+00:00
-- Summary:    Vestibular-balance collection pass 1: 19 evidence_sources (16 vestibular + 3 re-homed spillover) + links + BPC metadata + coverage; slug STUB->ACTIVE
--
-- This file is forward-only and immutable once committed. If a correction is
-- needed, emit a NEW data migration that compensates — do not edit this file.

BEGIN TRANSACTION;

-- Vestibular-balance collection pass 1 + re-homed spillover (research-usefulness).
-- evidence_sources at PARTIAL / UNVERIFIED-1 (collected, pending verification pipeline).
INSERT INTO evidence_sources (ref_id,source_type,first_author_last,author_display,pub_year,pub_title,journal_name,doi,doi_resolution_outcome,pmid,tier,evidence_type,jurisdiction,metadata_quality,verification_status,verification_note,created_at,created_by_session,updated_at,updated_by_session) VALUES ('REF-00902','journal_article','Guirguis-Blake','Guirguis-Blake JM, Perdue LA, Coppola EL, et al.',2024,'Interventions to Prevent Falls in Older Adults: Updated Evidence Report and Systematic Review for the US Preventive Services Task Force','JAMA',NULL,NULL,NULL,2,'sr_meta','US','PARTIAL','UNVERIFIED-1','Collected 2026-07-24 EN pass 1; pending verification pipeline.','2026-07-24T02:50:00Z','session_2026-07-24-vestibular-balance-collection','2026-07-24T02:50:00Z','session_2026-07-24-vestibular-balance-collection');
INSERT INTO evidence_sources (ref_id,source_type,first_author_last,author_display,pub_year,pub_title,journal_name,doi,doi_resolution_outcome,pmid,tier,evidence_type,jurisdiction,metadata_quality,verification_status,verification_note,created_at,created_by_session,updated_at,updated_by_session) VALUES ('REF-00903','guideline','Montero-Odasso','Montero-Odasso M, van der Velde N, Martin FC, et al.',2022,'World guidelines for falls prevention and management for older adults: a global initiative','Age and Ageing',NULL,NULL,NULL,2,'standard_eb','Multi','PARTIAL','UNVERIFIED-1','Collected 2026-07-24 EN pass 1; pending verification pipeline.','2026-07-24T02:50:00Z','session_2026-07-24-vestibular-balance-collection','2026-07-24T02:50:00Z','session_2026-07-24-vestibular-balance-collection');
INSERT INTO evidence_sources (ref_id,source_type,first_author_last,author_display,pub_year,pub_title,journal_name,doi,doi_resolution_outcome,pmid,tier,evidence_type,jurisdiction,metadata_quality,verification_status,verification_note,created_at,created_by_session,updated_at,updated_by_session) VALUES ('REF-00904','journal_article','Montero-Odasso','Montero-Odasso M, Kabeshova A, Woolmore M, et al.',2021,'Evaluation of Clinical Practice Guidelines on Fall Prevention and Management for Older Adults: A Systematic Review','JAMA Network Open',NULL,NULL,NULL,2,'sr_meta','Multi','PARTIAL','UNVERIFIED-1','Collected 2026-07-24 EN pass 1; pending verification pipeline.','2026-07-24T02:50:00Z','session_2026-07-24-vestibular-balance-collection','2026-07-24T02:50:00Z','session_2026-07-24-vestibular-balance-collection');
INSERT INTO evidence_sources (ref_id,source_type,first_author_last,author_display,pub_year,pub_title,journal_name,doi,doi_resolution_outcome,pmid,tier,evidence_type,jurisdiction,metadata_quality,verification_status,verification_note,created_at,created_by_session,updated_at,updated_by_session) VALUES ('REF-00905','journal_article','Lachance','Lachance CC, Jurkowski MP, Dymarz AC, et al.',2017,'Compliant flooring to prevent fall-related injuries in older adults: a scoping review','PLoS ONE',NULL,NULL,NULL,2,'sr_meta','CA','PARTIAL','UNVERIFIED-1','Collected 2026-07-24 EN pass 1; pending verification pipeline.','2026-07-24T02:50:00Z','session_2026-07-24-vestibular-balance-collection','2026-07-24T02:50:00Z','session_2026-07-24-vestibular-balance-collection');
INSERT INTO evidence_sources (ref_id,source_type,first_author_last,author_display,pub_year,pub_title,journal_name,doi,doi_resolution_outcome,pmid,tier,evidence_type,jurisdiction,metadata_quality,verification_status,verification_note,created_at,created_by_session,updated_at,updated_by_session) VALUES ('REF-00906','journal_article','Lord','Lord SR, Close JCT',2018,'New horizons in falls prevention','Age and Ageing','10.1093/ageing/afy059','RESOLVED','29697780',3,'clinical','AU','PARTIAL','UNVERIFIED-1','Collected 2026-07-24 EN pass 1; pending verification pipeline.','2026-07-24T02:50:00Z','session_2026-07-24-vestibular-balance-collection','2026-07-24T02:50:00Z','session_2026-07-24-vestibular-balance-collection');
INSERT INTO evidence_sources (ref_id,source_type,first_author_last,author_display,pub_year,pub_title,journal_name,doi,doi_resolution_outcome,pmid,tier,evidence_type,jurisdiction,metadata_quality,verification_status,verification_note,created_at,created_by_session,updated_at,updated_by_session) VALUES ('REF-00907','journal_article','Saftari','Saftari LN, Kwon OS',2018,'Ageing vision and falls: a review','Journal of Physiological Anthropology','10.1186/s40101-018-0170-1','RESOLVED','29685171',3,'clinical','KR','PARTIAL','UNVERIFIED-1','Collected 2026-07-24 EN pass 1; pending verification pipeline.','2026-07-24T02:50:00Z','session_2026-07-24-vestibular-balance-collection','2026-07-24T02:50:00Z','session_2026-07-24-vestibular-balance-collection');
INSERT INTO evidence_sources (ref_id,source_type,first_author_last,author_display,pub_year,pub_title,journal_name,doi,doi_resolution_outcome,pmid,tier,evidence_type,jurisdiction,metadata_quality,verification_status,verification_note,created_at,created_by_session,updated_at,updated_by_session) VALUES ('REF-00908','book_chapter','Bronstein','Bronstein AM',2016,'Multisensory integration in balance control','Handbook of Clinical Neurology','10.1016/B978-0-444-63437-5.00004-2','RESOLVED','27638062',3,'clinical','UK','PARTIAL','UNVERIFIED-1','Collected 2026-07-24 EN pass 1; pending verification pipeline.','2026-07-24T02:50:00Z','session_2026-07-24-vestibular-balance-collection','2026-07-24T02:50:00Z','session_2026-07-24-vestibular-balance-collection');
INSERT INTO evidence_sources (ref_id,source_type,first_author_last,author_display,pub_year,pub_title,journal_name,doi,doi_resolution_outcome,pmid,tier,evidence_type,jurisdiction,metadata_quality,verification_status,verification_note,created_at,created_by_session,updated_at,updated_by_session) VALUES ('REF-00909','journal_article','Sheth','Sheth S, et al.',2023,'Home Modifications for Older Adults: A Systematic Review','Journal of Applied Gerontology',NULL,NULL,NULL,2,'sr_meta','US','PARTIAL','UNVERIFIED-1','Collected 2026-07-24 EN pass 1; pending verification pipeline.','2026-07-24T02:50:00Z','session_2026-07-24-vestibular-balance-collection','2026-07-24T02:50:00Z','session_2026-07-24-vestibular-balance-collection');
INSERT INTO evidence_sources (ref_id,source_type,first_author_last,author_display,pub_year,pub_title,journal_name,doi,doi_resolution_outcome,pmid,tier,evidence_type,jurisdiction,metadata_quality,verification_status,verification_note,created_at,created_by_session,updated_at,updated_by_session) VALUES ('REF-00910','journal_article','Heller','Heller C, et al.',2023,'Physical Housing Characteristics, Housing Accessibility and Health Among Community-Dwelling Older People: A Systematic Review','Journal of Aging and Health',NULL,NULL,NULL,2,'sr_meta','Multi','PARTIAL','UNVERIFIED-1','Collected 2026-07-24 EN pass 1; pending verification pipeline.','2026-07-24T02:50:00Z','session_2026-07-24-vestibular-balance-collection','2026-07-24T02:50:00Z','session_2026-07-24-vestibular-balance-collection');
INSERT INTO evidence_sources (ref_id,source_type,first_author_last,author_display,pub_year,pub_title,journal_name,doi,doi_resolution_outcome,pmid,tier,evidence_type,jurisdiction,metadata_quality,verification_status,verification_note,created_at,created_by_session,updated_at,updated_by_session) VALUES ('REF-00911','journal_article','Komisar','Komisar V, Novak AC, Haycock B',2019,'Effect of handrail height and age on the timing and speed of reach-to-grasp balance reactions during slope descent','Applied Ergonomics',NULL,NULL,NULL,1,'clinical','CA','PARTIAL','UNVERIFIED-1','Collected 2026-07-24 EN pass 1; pending verification pipeline.','2026-07-24T02:50:00Z','session_2026-07-24-vestibular-balance-collection','2026-07-24T02:50:00Z','session_2026-07-24-vestibular-balance-collection');
INSERT INTO evidence_sources (ref_id,source_type,first_author_last,author_display,pub_year,pub_title,journal_name,doi,doi_resolution_outcome,pmid,tier,evidence_type,jurisdiction,metadata_quality,verification_status,verification_note,created_at,created_by_session,updated_at,updated_by_session) VALUES ('REF-00912','journal_article','Komisar','Komisar V, Maki BE, Novak AC',2019,'Use of handrails for balance and stability: Characterizing loading profiles in younger adults','Applied Ergonomics',NULL,NULL,NULL,1,'clinical','CA','PARTIAL','UNVERIFIED-1','Collected 2026-07-24 EN pass 1; pending verification pipeline.','2026-07-24T02:50:00Z','session_2026-07-24-vestibular-balance-collection','2026-07-24T02:50:00Z','session_2026-07-24-vestibular-balance-collection');
INSERT INTO evidence_sources (ref_id,source_type,first_author_last,author_display,pub_year,pub_title,journal_name,doi,doi_resolution_outcome,pmid,tier,evidence_type,jurisdiction,metadata_quality,verification_status,verification_note,created_at,created_by_session,updated_at,updated_by_session) VALUES ('REF-00913','journal_article','Gosine','Gosine P, Komisar V, Novak AC',2020,'A kinematic analysis of balance recovery following an unexpected forward balance loss during stair descent','Applied Ergonomics',NULL,NULL,NULL,1,'clinical','CA','PARTIAL','UNVERIFIED-1','Collected 2026-07-24 EN pass 1; pending verification pipeline.','2026-07-24T02:50:00Z','session_2026-07-24-vestibular-balance-collection','2026-07-24T02:50:00Z','session_2026-07-24-vestibular-balance-collection');
INSERT INTO evidence_sources (ref_id,source_type,first_author_last,author_display,pub_year,pub_title,journal_name,doi,doi_resolution_outcome,pmid,tier,evidence_type,jurisdiction,metadata_quality,verification_status,verification_note,created_at,created_by_session,updated_at,updated_by_session) VALUES ('REF-00914','journal_article','Ackermans','Ackermans TMA, Francksen NC, Lees C, et al.',2020,'Prediction of balance perturbations and falls on stairs in older people using a biomechanical profiling approach','Journals of Gerontology Series A',NULL,NULL,NULL,3,'clinical','UK','PARTIAL','UNVERIFIED-1','Collected 2026-07-24 EN pass 1; pending verification pipeline.','2026-07-24T02:50:00Z','session_2026-07-24-vestibular-balance-collection','2026-07-24T02:50:00Z','session_2026-07-24-vestibular-balance-collection');
INSERT INTO evidence_sources (ref_id,source_type,first_author_last,author_display,pub_year,pub_title,journal_name,doi,doi_resolution_outcome,pmid,tier,evidence_type,jurisdiction,metadata_quality,verification_status,verification_note,created_at,created_by_session,updated_at,updated_by_session) VALUES ('REF-00915','journal_article','Maki','Maki BE, McIlroy WE',2006,'Control of rapid limb movements for balance recovery: age-related changes and implications for fall prevention','Age and Ageing',NULL,NULL,NULL,3,'clinical','CA','PARTIAL','UNVERIFIED-1','Collected 2026-07-24 EN pass 1; pending verification pipeline.','2026-07-24T02:50:00Z','session_2026-07-24-vestibular-balance-collection','2026-07-24T02:50:00Z','session_2026-07-24-vestibular-balance-collection');
INSERT INTO evidence_sources (ref_id,source_type,first_author_last,author_display,pub_year,pub_title,journal_name,doi,doi_resolution_outcome,pmid,tier,evidence_type,jurisdiction,metadata_quality,verification_status,verification_note,created_at,created_by_session,updated_at,updated_by_session) VALUES ('REF-00916','journal_article','Chippendale','Chippendale T, Boltz M',2015,'The Neighborhood Environment: Perceived Fall Risk, Resources, and Strategies for Fall Prevention','The Gerontologist',NULL,NULL,NULL,3,'clinical','US','PARTIAL','UNVERIFIED-1','Collected 2026-07-24 EN pass 1; pending verification pipeline.','2026-07-24T02:50:00Z','session_2026-07-24-vestibular-balance-collection','2026-07-24T02:50:00Z','session_2026-07-24-vestibular-balance-collection');
INSERT INTO evidence_sources (ref_id,source_type,first_author_last,author_display,pub_year,pub_title,journal_name,doi,doi_resolution_outcome,pmid,tier,evidence_type,jurisdiction,metadata_quality,verification_status,verification_note,created_at,created_by_session,updated_at,updated_by_session) VALUES ('REF-00917','journal_article','Wharton','Wharton E, et al.',2025,'Older adults'' experiences of home stair falls revealed during COVID-19 lockdown: a mixed-methods study','PLoS ONE',NULL,NULL,NULL,3,'clinical','UK','PARTIAL','UNVERIFIED-1','Collected 2026-07-24 EN pass 1; pending verification pipeline.','2026-07-24T02:50:00Z','session_2026-07-24-vestibular-balance-collection','2026-07-24T02:50:00Z','session_2026-07-24-vestibular-balance-collection');
INSERT INTO evidence_sources (ref_id,source_type,first_author_last,author_display,pub_year,pub_title,journal_name,doi,doi_resolution_outcome,pmid,tier,evidence_type,jurisdiction,metadata_quality,verification_status,verification_note,created_at,created_by_session,updated_at,updated_by_session) VALUES ('REF-00918','journal_article','Kim','Kim MJ, Farrell J',2022,'Orthostatic Hypotension: A Practical Approach','American Family Physician',NULL,NULL,'35029940',3,'clinical','US','PARTIAL','UNVERIFIED-1','Collected 2026-07-24 EN pass 1; pending verification pipeline.','2026-07-24T02:50:00Z','session_2026-07-24-vestibular-balance-collection','2026-07-24T02:50:00Z','session_2026-07-24-vestibular-balance-collection');
INSERT INTO evidence_sources (ref_id,source_type,first_author_last,author_display,pub_year,pub_title,journal_name,doi,doi_resolution_outcome,pmid,tier,evidence_type,jurisdiction,metadata_quality,verification_status,verification_note,created_at,created_by_session,updated_at,updated_by_session) VALUES ('REF-00919','journal_article','Quinn','Quinn L, Kegelmeyer D, Kloos A, Rao AK, Busse M, Fritz NE',2020,'Clinical recommendations to guide physical therapy practice for Huntington disease','Neurology','10.1212/WNL.0000000000008887','RESOLVED','31907286',2,'sr_meta','Multi','PARTIAL','UNVERIFIED-1','Collected 2026-07-24 EN pass 1; pending verification pipeline.','2026-07-24T02:50:00Z','session_2026-07-24-vestibular-balance-collection','2026-07-24T02:50:00Z','session_2026-07-24-vestibular-balance-collection');
INSERT INTO evidence_sources (ref_id,source_type,first_author_last,author_display,pub_year,pub_title,journal_name,doi,doi_resolution_outcome,pmid,tier,evidence_type,jurisdiction,metadata_quality,verification_status,verification_note,created_at,created_by_session,updated_at,updated_by_session) VALUES ('REF-00920','journal_article','Vaughan','Vaughan CP, Morley JF, Lehosit J, et al.',2025,'Behavioral Compared With Drug Therapy for Overactive Bladder Symptoms in Parkinson Disease: A Randomized Noninferiority Trial','JAMA Neurology','10.1001/jamaneurol.2025.1904','RESOLVED','40658410',1,'clinical','US','PARTIAL','UNVERIFIED-1','Collected 2026-07-24 EN pass 1; pending verification pipeline.','2026-07-24T02:50:00Z','session_2026-07-24-vestibular-balance-collection','2026-07-24T02:50:00Z','session_2026-07-24-vestibular-balance-collection');

INSERT INTO source_slug_links (ref_id,slug,local_ref_id,created_at,created_by_session,updated_at,updated_by_session,relevance_note) VALUES ('REF-00902','vestibular-balance-built-environment','VEST-01','2026-07-24T02:50:00Z','session_2026-07-24-vestibular-balance-collection','2026-07-24T02:50:00Z','session_2026-07-24-vestibular-balance-collection','vestibular/balance built-environment evidence');
INSERT INTO source_slug_links (ref_id,slug,local_ref_id,created_at,created_by_session,updated_at,updated_by_session,relevance_note) VALUES ('REF-00903','vestibular-balance-built-environment','VEST-02','2026-07-24T02:50:00Z','session_2026-07-24-vestibular-balance-collection','2026-07-24T02:50:00Z','session_2026-07-24-vestibular-balance-collection','vestibular/balance built-environment evidence');
INSERT INTO source_slug_links (ref_id,slug,local_ref_id,created_at,created_by_session,updated_at,updated_by_session,relevance_note) VALUES ('REF-00904','vestibular-balance-built-environment','VEST-03','2026-07-24T02:50:00Z','session_2026-07-24-vestibular-balance-collection','2026-07-24T02:50:00Z','session_2026-07-24-vestibular-balance-collection','vestibular/balance built-environment evidence');
INSERT INTO source_slug_links (ref_id,slug,local_ref_id,created_at,created_by_session,updated_at,updated_by_session,relevance_note) VALUES ('REF-00905','vestibular-balance-built-environment','VEST-04','2026-07-24T02:50:00Z','session_2026-07-24-vestibular-balance-collection','2026-07-24T02:50:00Z','session_2026-07-24-vestibular-balance-collection','vestibular/balance built-environment evidence');
INSERT INTO source_slug_links (ref_id,slug,local_ref_id,created_at,created_by_session,updated_at,updated_by_session,relevance_note) VALUES ('REF-00906','vestibular-balance-built-environment','VEST-05','2026-07-24T02:50:00Z','session_2026-07-24-vestibular-balance-collection','2026-07-24T02:50:00Z','session_2026-07-24-vestibular-balance-collection','vestibular/balance built-environment evidence');
INSERT INTO source_slug_links (ref_id,slug,local_ref_id,created_at,created_by_session,updated_at,updated_by_session,relevance_note) VALUES ('REF-00907','vestibular-balance-built-environment','VEST-06','2026-07-24T02:50:00Z','session_2026-07-24-vestibular-balance-collection','2026-07-24T02:50:00Z','session_2026-07-24-vestibular-balance-collection','vestibular/balance built-environment evidence');
INSERT INTO source_slug_links (ref_id,slug,local_ref_id,created_at,created_by_session,updated_at,updated_by_session,relevance_note) VALUES ('REF-00908','vestibular-balance-built-environment','VEST-07','2026-07-24T02:50:00Z','session_2026-07-24-vestibular-balance-collection','2026-07-24T02:50:00Z','session_2026-07-24-vestibular-balance-collection','vestibular/balance built-environment evidence');
INSERT INTO source_slug_links (ref_id,slug,local_ref_id,created_at,created_by_session,updated_at,updated_by_session,relevance_note) VALUES ('REF-00909','vestibular-balance-built-environment','VEST-08','2026-07-24T02:50:00Z','session_2026-07-24-vestibular-balance-collection','2026-07-24T02:50:00Z','session_2026-07-24-vestibular-balance-collection','vestibular/balance built-environment evidence');
INSERT INTO source_slug_links (ref_id,slug,local_ref_id,created_at,created_by_session,updated_at,updated_by_session,relevance_note) VALUES ('REF-00910','vestibular-balance-built-environment','VEST-09','2026-07-24T02:50:00Z','session_2026-07-24-vestibular-balance-collection','2026-07-24T02:50:00Z','session_2026-07-24-vestibular-balance-collection','vestibular/balance built-environment evidence');
INSERT INTO source_slug_links (ref_id,slug,local_ref_id,created_at,created_by_session,updated_at,updated_by_session,relevance_note) VALUES ('REF-00911','vestibular-balance-built-environment','VEST-10','2026-07-24T02:50:00Z','session_2026-07-24-vestibular-balance-collection','2026-07-24T02:50:00Z','session_2026-07-24-vestibular-balance-collection','vestibular/balance built-environment evidence');
INSERT INTO source_slug_links (ref_id,slug,local_ref_id,created_at,created_by_session,updated_at,updated_by_session,relevance_note) VALUES ('REF-00912','vestibular-balance-built-environment','VEST-11','2026-07-24T02:50:00Z','session_2026-07-24-vestibular-balance-collection','2026-07-24T02:50:00Z','session_2026-07-24-vestibular-balance-collection','vestibular/balance built-environment evidence');
INSERT INTO source_slug_links (ref_id,slug,local_ref_id,created_at,created_by_session,updated_at,updated_by_session,relevance_note) VALUES ('REF-00913','vestibular-balance-built-environment','VEST-12','2026-07-24T02:50:00Z','session_2026-07-24-vestibular-balance-collection','2026-07-24T02:50:00Z','session_2026-07-24-vestibular-balance-collection','vestibular/balance built-environment evidence');
INSERT INTO source_slug_links (ref_id,slug,local_ref_id,created_at,created_by_session,updated_at,updated_by_session,relevance_note) VALUES ('REF-00914','vestibular-balance-built-environment','VEST-13','2026-07-24T02:50:00Z','session_2026-07-24-vestibular-balance-collection','2026-07-24T02:50:00Z','session_2026-07-24-vestibular-balance-collection','vestibular/balance built-environment evidence');
INSERT INTO source_slug_links (ref_id,slug,local_ref_id,created_at,created_by_session,updated_at,updated_by_session,relevance_note) VALUES ('REF-00915','vestibular-balance-built-environment','VEST-14','2026-07-24T02:50:00Z','session_2026-07-24-vestibular-balance-collection','2026-07-24T02:50:00Z','session_2026-07-24-vestibular-balance-collection','vestibular/balance built-environment evidence');
INSERT INTO source_slug_links (ref_id,slug,local_ref_id,created_at,created_by_session,updated_at,updated_by_session,relevance_note) VALUES ('REF-00916','vestibular-balance-built-environment','VEST-15','2026-07-24T02:50:00Z','session_2026-07-24-vestibular-balance-collection','2026-07-24T02:50:00Z','session_2026-07-24-vestibular-balance-collection','vestibular/balance built-environment evidence');
INSERT INTO source_slug_links (ref_id,slug,local_ref_id,created_at,created_by_session,updated_at,updated_by_session,relevance_note) VALUES ('REF-00917','vestibular-balance-built-environment','VEST-16','2026-07-24T02:50:00Z','session_2026-07-24-vestibular-balance-collection','2026-07-24T02:50:00Z','session_2026-07-24-vestibular-balance-collection','vestibular/balance built-environment evidence');
INSERT INTO source_slug_links (ref_id,slug,local_ref_id,created_at,created_by_session,updated_at,updated_by_session,relevance_note) VALUES ('REF-00792','vestibular-balance-built-environment','VEST-17','2026-07-24T02:50:00Z','session_2026-07-24-vestibular-balance-collection','2026-07-24T02:50:00Z','session_2026-07-24-vestibular-balance-collection','home safety modification reduces falls (Cochrane) — reused');
INSERT INTO source_slug_links (ref_id,slug,local_ref_id,created_at,created_by_session,updated_at,updated_by_session,relevance_note) VALUES ('REF-00883','vestibular-balance-built-environment','VEST-18','2026-07-24T02:50:00Z','session_2026-07-24-vestibular-balance-collection','2026-07-24T02:50:00Z','session_2026-07-24-vestibular-balance-collection','handrails/grab bars procurement standard — reused');
INSERT INTO source_slug_links (ref_id,slug,local_ref_id,created_at,created_by_session,updated_at,updated_by_session,relevance_note) VALUES ('REF-00918','long-covid-dysautonomia-built-environment','LCOV-01','2026-07-24T02:50:00Z','session_2026-07-24-vestibular-balance-collection','2026-07-24T02:50:00Z','session_2026-07-24-vestibular-balance-collection','orthostatic/dysautonomia environmental exacerbation; standing intolerance -> seating/rest');
INSERT INTO source_slug_links (ref_id,slug,local_ref_id,created_at,created_by_session,updated_at,updated_by_session,relevance_note) VALUES ('REF-00919','movement-disorder-tremor-built-environment','MOVE-01','2026-07-24T02:50:00Z','session_2026-07-24-vestibular-balance-collection','2026-07-24T02:50:00Z','session_2026-07-24-vestibular-balance-collection','Huntington PT: seating adaptations, positioning, floor-transfer training');
INSERT INTO source_slug_links (ref_id,slug,local_ref_id,created_at,created_by_session,updated_at,updated_by_session,relevance_note) VALUES ('REF-00920','movement-disorder-tremor-built-environment','MOVE-02','2026-07-24T02:50:00Z','session_2026-07-24-vestibular-balance-collection','2026-07-24T02:50:00Z','session_2026-07-24-vestibular-balance-collection','Parkinson OAB (movement-disorder population)');
INSERT INTO source_slug_links (ref_id,slug,local_ref_id,created_at,created_by_session,updated_at,updated_by_session,relevance_note) VALUES ('REF-00920','toileting-proximity-provision-planning','CNT-01','2026-07-24T02:50:00Z','session_2026-07-24-vestibular-balance-collection','2026-07-24T02:50:00Z','session_2026-07-24-vestibular-balance-collection','OAB urgency -> toileting-proximity design driver (AX-CNT); indirect');

INSERT INTO bpc_metadata (slug,population,last_updated,jurisdictions_searched,co1_pass_count,evidence_state,pico_complete,search_complete,bpc_complete,citation_mining_complete,supersession_check_complete,created_at,created_by_session,updated_at,updated_by_session) VALUES ('vestibular-balance-built-environment','VES','2026-07-24',6,0,'PROVISIONAL',1,1,0,0,0,'2026-07-24T02:50:00Z','session_2026-07-24-vestibular-balance-collection','2026-07-24T02:50:00Z','session_2026-07-24-vestibular-balance-collection');
UPDATE slugs SET status='ACTIVE', updated_at='2026-07-24T02:50:00Z', updated_by_session='session_2026-07-24-vestibular-balance-collection' WHERE slug='vestibular-balance-built-environment';
UPDATE search_coverage SET status='SEARCHED', updated_at='2026-07-24T02:50:00Z', updated_by_session='session_2026-07-24-vestibular-balance-collection' WHERE slug='vestibular-balance-built-environment' AND jurisdiction='US';
UPDATE search_coverage SET status='SEARCHED', updated_at='2026-07-24T02:50:00Z', updated_by_session='session_2026-07-24-vestibular-balance-collection' WHERE slug='vestibular-balance-built-environment' AND jurisdiction='UK';
UPDATE search_coverage SET status='SEARCHED', updated_at='2026-07-24T02:50:00Z', updated_by_session='session_2026-07-24-vestibular-balance-collection' WHERE slug='vestibular-balance-built-environment' AND jurisdiction='CA';
UPDATE search_coverage SET status='SEARCHED', updated_at='2026-07-24T02:50:00Z', updated_by_session='session_2026-07-24-vestibular-balance-collection' WHERE slug='vestibular-balance-built-environment' AND jurisdiction='AU';
UPDATE search_coverage SET status='SEARCHED', updated_at='2026-07-24T02:50:00Z', updated_by_session='session_2026-07-24-vestibular-balance-collection' WHERE slug='vestibular-balance-built-environment' AND jurisdiction='NZ';
UPDATE search_coverage SET status='SEARCHED', updated_at='2026-07-24T02:50:00Z', updated_by_session='session_2026-07-24-vestibular-balance-collection' WHERE slug='vestibular-balance-built-environment' AND jurisdiction='KR';
INSERT INTO search_languages (slug,language,status,results_count,created_at,created_by_session,updated_at,updated_by_session) VALUES ('vestibular-balance-built-environment','AR','NOT-RUN',0,'2026-07-24T02:50:00Z','session_2026-07-24-vestibular-balance-collection','2026-07-24T02:50:00Z','session_2026-07-24-vestibular-balance-collection');
INSERT INTO search_languages (slug,language,status,results_count,created_at,created_by_session,updated_at,updated_by_session) VALUES ('vestibular-balance-built-environment','BN','NOT-RUN',0,'2026-07-24T02:50:00Z','session_2026-07-24-vestibular-balance-collection','2026-07-24T02:50:00Z','session_2026-07-24-vestibular-balance-collection');
INSERT INTO search_languages (slug,language,status,results_count,created_at,created_by_session,updated_at,updated_by_session) VALUES ('vestibular-balance-built-environment','DA','NOT-RUN',0,'2026-07-24T02:50:00Z','session_2026-07-24-vestibular-balance-collection','2026-07-24T02:50:00Z','session_2026-07-24-vestibular-balance-collection');
INSERT INTO search_languages (slug,language,status,results_count,created_at,created_by_session,updated_at,updated_by_session) VALUES ('vestibular-balance-built-environment','DE','NOT-RUN',0,'2026-07-24T02:50:00Z','session_2026-07-24-vestibular-balance-collection','2026-07-24T02:50:00Z','session_2026-07-24-vestibular-balance-collection');
INSERT INTO search_languages (slug,language,status,results_count,created_at,created_by_session,updated_at,updated_by_session) VALUES ('vestibular-balance-built-environment','EN','SEARCHED',18,'2026-07-24T02:50:00Z','session_2026-07-24-vestibular-balance-collection','2026-07-24T02:50:00Z','session_2026-07-24-vestibular-balance-collection');
INSERT INTO search_languages (slug,language,status,results_count,created_at,created_by_session,updated_at,updated_by_session) VALUES ('vestibular-balance-built-environment','ES','NOT-RUN',0,'2026-07-24T02:50:00Z','session_2026-07-24-vestibular-balance-collection','2026-07-24T02:50:00Z','session_2026-07-24-vestibular-balance-collection');
INSERT INTO search_languages (slug,language,status,results_count,created_at,created_by_session,updated_at,updated_by_session) VALUES ('vestibular-balance-built-environment','FI','NOT-RUN',0,'2026-07-24T02:50:00Z','session_2026-07-24-vestibular-balance-collection','2026-07-24T02:50:00Z','session_2026-07-24-vestibular-balance-collection');
INSERT INTO search_languages (slug,language,status,results_count,created_at,created_by_session,updated_at,updated_by_session) VALUES ('vestibular-balance-built-environment','FR','NOT-RUN',0,'2026-07-24T02:50:00Z','session_2026-07-24-vestibular-balance-collection','2026-07-24T02:50:00Z','session_2026-07-24-vestibular-balance-collection');
INSERT INTO search_languages (slug,language,status,results_count,created_at,created_by_session,updated_at,updated_by_session) VALUES ('vestibular-balance-built-environment','HI','NOT-RUN',0,'2026-07-24T02:50:00Z','session_2026-07-24-vestibular-balance-collection','2026-07-24T02:50:00Z','session_2026-07-24-vestibular-balance-collection');
INSERT INTO search_languages (slug,language,status,results_count,created_at,created_by_session,updated_at,updated_by_session) VALUES ('vestibular-balance-built-environment','ID','NOT-RUN',0,'2026-07-24T02:50:00Z','session_2026-07-24-vestibular-balance-collection','2026-07-24T02:50:00Z','session_2026-07-24-vestibular-balance-collection');
INSERT INTO search_languages (slug,language,status,results_count,created_at,created_by_session,updated_at,updated_by_session) VALUES ('vestibular-balance-built-environment','IT','NOT-RUN',0,'2026-07-24T02:50:00Z','session_2026-07-24-vestibular-balance-collection','2026-07-24T02:50:00Z','session_2026-07-24-vestibular-balance-collection');
INSERT INTO search_languages (slug,language,status,results_count,created_at,created_by_session,updated_at,updated_by_session) VALUES ('vestibular-balance-built-environment','JA','NOT-RUN',0,'2026-07-24T02:50:00Z','session_2026-07-24-vestibular-balance-collection','2026-07-24T02:50:00Z','session_2026-07-24-vestibular-balance-collection');
INSERT INTO search_languages (slug,language,status,results_count,created_at,created_by_session,updated_at,updated_by_session) VALUES ('vestibular-balance-built-environment','KO','NOT-RUN',0,'2026-07-24T02:50:00Z','session_2026-07-24-vestibular-balance-collection','2026-07-24T02:50:00Z','session_2026-07-24-vestibular-balance-collection');
INSERT INTO search_languages (slug,language,status,results_count,created_at,created_by_session,updated_at,updated_by_session) VALUES ('vestibular-balance-built-environment','NL','NOT-RUN',0,'2026-07-24T02:50:00Z','session_2026-07-24-vestibular-balance-collection','2026-07-24T02:50:00Z','session_2026-07-24-vestibular-balance-collection');
INSERT INTO search_languages (slug,language,status,results_count,created_at,created_by_session,updated_at,updated_by_session) VALUES ('vestibular-balance-built-environment','NO','NOT-RUN',0,'2026-07-24T02:50:00Z','session_2026-07-24-vestibular-balance-collection','2026-07-24T02:50:00Z','session_2026-07-24-vestibular-balance-collection');
INSERT INTO search_languages (slug,language,status,results_count,created_at,created_by_session,updated_at,updated_by_session) VALUES ('vestibular-balance-built-environment','PT','NOT-RUN',0,'2026-07-24T02:50:00Z','session_2026-07-24-vestibular-balance-collection','2026-07-24T02:50:00Z','session_2026-07-24-vestibular-balance-collection');
INSERT INTO search_languages (slug,language,status,results_count,created_at,created_by_session,updated_at,updated_by_session) VALUES ('vestibular-balance-built-environment','SV','NOT-RUN',0,'2026-07-24T02:50:00Z','session_2026-07-24-vestibular-balance-collection','2026-07-24T02:50:00Z','session_2026-07-24-vestibular-balance-collection');
INSERT INTO search_languages (slug,language,status,results_count,created_at,created_by_session,updated_at,updated_by_session) VALUES ('vestibular-balance-built-environment','SW','NOT-RUN',0,'2026-07-24T02:50:00Z','session_2026-07-24-vestibular-balance-collection','2026-07-24T02:50:00Z','session_2026-07-24-vestibular-balance-collection');
INSERT INTO search_languages (slug,language,status,results_count,created_at,created_by_session,updated_at,updated_by_session) VALUES ('vestibular-balance-built-environment','ZH','NOT-RUN',0,'2026-07-24T02:50:00Z','session_2026-07-24-vestibular-balance-collection','2026-07-24T02:50:00Z','session_2026-07-24-vestibular-balance-collection');

COMMIT;
