rank,slug,topic,evidence_state,grade,score,n_sources,strength_band,full_anchor,partial_anchor,weak_anchor,disputed,t3_clinical,practice,weak_only,tier_profile,n_true_jurisdictions,n_jurisdictions_raw,jurisdictions,n_languages,languages,pct_english,n_nonenglish,pct_anglo_core,anglo_core_instances,supra_instances,non_anglo_instances,null_jurisdiction_instances,comp_volume,comp_tier,comp_jurisdiction,comp_language,comp_anglo_balance,search_langs_run,search_langs_hit
1,accessible-circulation-geometry,entrances-and-circulation,,A,82.9,23,full,13,5,5,0,3,0,0,T1:8;T2:2;T3:3;T4:1;T5:4;T6:5,8,8,US:5;JP:4;INT:2;UK:2;BE:2;AU:2;DE:1;HR:1,5,en:11;?:5;ja:4;nl:2;de:1,47.8,12,47.4,9,2,8,4,20,23.0,20,12,7.9,0,0
2,mobility-built-environment,population-general,,C,54.8,4,full,4,0,0,0,3,0,0,T2:1;T3:3,4,4,INT:1;US:1;UK:1;HR:1,1,en:4,100.0,0,50.0,2,1,1,0,8,30,13,0,3.8,0,0
3,accessible-design-failures-poor-performance,frameworks-and-methodology,,C,53.5,3,full,3,0,0,0,2,0,0,T2:1;T3:2,3,3,INT:1;US:1;UK:1,1,en:3,100.0,0,66.7,2,1,0,0,8,30,13,0,2.5,0,0
4,stair-ramp-threshold-biomechanics-accessibility,entrances-and-circulation,,C,53.5,3,full,3,0,0,0,3,0,0,T3:3,3,3,US:1;UK:1;HR:1,1,en:3,100.0,0,66.7,2,0,1,0,8,30,13,0,2.5,0,0
5,threshold-and-level-access,entrances-and-circulation,,D,46.8,2,full,2,0,0,0,1,0,0,T2:1;T3:1,2,2,INT:1;US:1,1,en:2,100.0,0,50.0,1,1,0,0,4,30,9,0,3.8,0,0
6,accessibility-feature-market-value-uplift-framing,economics,,F,0,0,,0,0,0,0,0,0,0,,0,0,,0,,,0,,0,0,0,0,0,0,0,0,0,0,0
7,accessible-bathroom-and-grab-bar,bathrooms-and-wet-areas,,F,0,0,,0,0,0,0,0,0,0,,0,0,,0,,,0,,0,0,0,0,0,0,0,0,0,0,0
8,accessible-design-economics-cost-premium,economics,,F,0,0,,0,0,0,0,0,0,0,,0,0,,0,,,0,,0,0,0,0,0,0,0,0,0,0,0
9,accessible-laundry-room-design,room-types,,F,0,0,,0,0,0,0,0,0,0,,0,0,,0,,,0,,0,0,0,0,0,0,0,0,0,0,0
10,acoustics-speech-intelligibility-disability,sensory-environment,,F,0,0,,0,0,0,0,0,0,0,,0,0,,0,,,0,,0,0,0,0,0,0,0,0,0,0,0
11,air-quality-voc-chemical-sensitivity-built-environment,sensory-environment,,F,0,0,,0,0,0,0,0,0,0,,0,0,,0,,,0,,0,0,0,0,0,0,0,0,0,0,0
12,assistive-listening-systems,communication-and-alerts,,F,0,0,,0,0,0,0,0,0,0,,0,0,,0,,,0,,0,0,0,0,0,0,0,0,0,0,0
13,bariatric-turning-radius-built-environment,seating-and-rest,,F,0,0,,0,0,0,0,0,0,0,,0,0,,0,,,0,,0,0,0,0,0,0,0,0,0,0,0
14,bathroom-typology-global-south,bathrooms-and-wet-areas,,F,0,0,,0,0,0,0,0,0,0,,0,0,,0,,,0,,0,0,0,0,0,0,0,0,0,0,0
15,biophilic-design-healthcare-workplace,sensory-environment,,F,0,0,,0,0,0,0,0,0,0,,0,0,,0,,,0,,0,0,0,0,0,0,0,0,0,0,0
16,body-sizes-supplementary-populations,frameworks-and-methodology,,F,0,0,,0,0,0,0,0,0,0,,0,0,,0,,,0,,0,0,0,0,0,0,0,0,0,0,0
17,case-study-economics-financial-data,economics,,F,0,0,,0,0,0,0,0,0,0,,0,0,,0,,,0,,0,0,0,0,0,0,0,0,0,0,0
18,circadian-lighting-melanopic-edi,sensory-environment,,F,0,0,,0,0,0,0,0,0,0,,0,0,,0,,,0,,0,0,0,0,0,0,0,0,0,0,0
19,co1-housing-research-global-south,frameworks-and-methodology,,F,0,0,,0,0,0,0,0,0,0,,0,0,,0,,,0,,0,0,0,0,0,0,0,0,0,0,0
20,cognitive-wayfinding-design,wayfinding-and-signage,,F,0,0,,0,0,0,0,0,0,0,,0,0,,0,,,0,,0,0,0,0,0,0,0,0,0,0,0
21,construction-cost-data,economics,,F,0,0,,0,0,0,0,0,0,0,,0,0,,0,,,0,,0,0,0,0,0,0,0,0,0,0,0
22,cross-population-case-studies,frameworks-and-methodology,,F,0,0,,0,0,0,0,0,0,0,,0,0,,0,,,0,,0,0,0,0,0,0,0,0,0,0,0
23,cross-population-conflict-resolutions,frameworks-and-methodology,,F,0,0,,0,0,0,0,0,0,0,,0,0,,0,,,0,,0,0,0,0,0,0,0,0,0,0,0
24,crpd-implementation-built-environment,frameworks-and-methodology,,F,0,0,,0,0,0,0,0,0,0,,0,0,,0,,,0,,0,0,0,0,0,0,0,0,0,0,0
25,deaf-acoustic-built-environment,communication-and-alerts,,F,0,0,,0,0,0,0,0,0,0,,0,0,,0,,,0,,0,0,0,0,0,0,0,0,0,0,0
26,deaf-classroom-reverberation-time,communication-and-alerts,,F,0,0,,0,0,0,0,0,0,0,,0,0,,0,,,0,,0,0,0,0,0,0,0,0,0,0,0
27,deaf-spatial-design,communication-and-alerts,,F,0,0,,0,0,0,0,0,0,0,,0,0,,0,,,0,,0,0,0,0,0,0,0,0,0,0,0
28,deafblind-built-environment-design,population-general,,F,0,0,,0,0,0,0,0,0,0,,0,0,,0,,,0,,0,0,0,0,0,0,0,0,0,0,0
29,dementia-built-environment,population-general,,F,0,0,,0,0,0,0,0,0,0,,0,0,,0,,,0,,0,0,0,0,0,0,0,0,0,0,0
30,design-framework-evidence-audit,frameworks-and-methodology,,F,0,0,,0,0,0,0,0,0,0,,0,0,,0,,,0,,0,0,0,0,0,0,0,0,0,0,0
31,detectable-gradient-protocol-sensory-zones,wayfinding-and-signage,,F,0,0,,0,0,0,0,0,0,0,,0,0,,0,,,0,,0,0,0,0,0,0,0,0,0,0,0
32,ecological-psychology-haptic-affordances-built-environment,frameworks-and-methodology,,F,0,0,,0,0,0,0,0,0,0,,0,0,,0,,,0,,0,0,0,0,0,0,0,0,0,0,0
33,economics-sources,economics,,F,0,0,,0,0,0,0,0,0,0,,0,0,,0,,,0,,0,0,0,0,0,0,0,0,0,0,0
34,european-accessibility-act-scope-clarification,frameworks-and-methodology,,F,0,0,,0,0,0,0,0,0,0,,0,0,,0,,,0,,0,0,0,0,0,0,0,0,0,0,0
35,floor-vibration-wheelchair-disability,entrances-and-circulation,,F,0,0,,0,0,0,0,0,0,0,,0,0,,0,,,0,,0,0,0,0,0,0,0,0,0,0,0
36,fold-down-grab-bar-specification,bathrooms-and-wet-areas,,F,0,0,,0,0,0,0,0,0,0,,0,0,,0,,,0,,0,0,0,0,0,0,0,0,0,0,0
37,government-grant-programmes,economics,,F,0,0,,0,0,0,0,0,0,0,,0,0,,0,,,0,,0,0,0,0,0,0,0,0,0,0,0
38,government-grant-programmes-home-adaptation,economics,,F,0,0,,0,0,0,0,0,0,0,,0,0,,0,,,0,,0,0,0,0,0,0,0,0,0,0,0
39,intellectual-disability-built-environment-design,population-general,,F,0,0,,0,0,0,0,0,0,0,,0,0,,0,,,0,,0,0,0,0,0,0,0,0,0,0,0
40,jurisdiction-grant-programmes-comprehensive,frameworks-and-methodology,,F,0,0,,0,0,0,0,0,0,0,,0,0,,0,,,0,,0,0,0,0,0,0,0,0,0,0,0
41,jurisdiction-matrix-accessibility-standards,frameworks-and-methodology,,F,0,0,,0,0,0,0,0,0,0,,0,0,,0,,,0,,0,0,0,0,0,0,0,0,0,0,0
42,luminance-contrast-and-pattern,wayfinding-and-signage,,F,0,0,,0,0,0,0,0,0,0,,0,0,,0,,,0,,0,0,0,0,0,0,0,0,0,0,0
43,luminance-contrast-lrv-evidence-base,wayfinding-and-signage,,F,0,0,,0,0,0,0,0,0,0,,0,0,,0,,,0,,0,0,0,0,0,0,0,0,0,0,0
44,manoeuvring-footprint-vs-turning-radius-methodology,frameworks-and-methodology,,F,0,0,,0,0,0,0,0,0,0,,0,0,,0,,,0,,0,0,0,0,0,0,0,0,0,0,0
45,mental-health-built-environment,population-general,,F,0,0,,0,0,0,0,0,0,0,,0,0,,0,,,0,,0,0,0,0,0,0,0,0,0,0,0
46,ms-thermal-temperature-conflict-resolution,health-and-symptom-management,,F,0,0,,0,0,0,0,0,0,0,,0,0,,0,,,0,,0,0,0,0,0,0,0,0,0,0,0
47,multilingual-evidence-convergence-non-english,frameworks-and-methodology,,F,0,0,,0,0,0,0,0,0,0,,0,0,,0,,,0,,0,0,0,0,0,0,0,0,0,0,0
48,ndv-aut-built-environment-quantified-thresholds,population-general,,F,0,0,,0,0,0,0,0,0,0,,0,0,,0,,,0,,0,0,0,0,0,0,0,0,0,0,0
49,neurodivergent-built-environment,population-general,,F,0,0,,0,0,0,0,0,0,0,,0,0,,0,,,0,,0,0,0,0,0,0,0,0,0,0,0
50,neurological-built-environment,population-general,,F,0,0,,0,0,0,0,0,0,0,,0,0,,0,,,0,,0,0,0,0,0,0,0,0,0,0,0
51,ofs-built-environment,health-and-symptom-management,,F,0,0,,0,0,0,0,0,0,0,,0,0,,0,,,0,,0,0,0,0,0,0,0,0,0,0,0
52,ot-built-environment-interface,frameworks-and-methodology,,F,0,0,,0,0,0,0,0,0,0,,0,0,,0,,,0,,0,0,0,0,0,0,0,0,0,0,0
53,ot-cpg-built-environment,population-general,,F,0,0,,0,0,0,0,0,0,0,,0,0,,0,,,0,,0,0,0,0,0,0,0,0,0,0,0
54,ot-frameworks-built-environment,frameworks-and-methodology,,F,0,0,,0,0,0,0,0,0,0,,0,0,,0,,,0,,0,0,0,0,0,0,0,0,0,0,0
55,pain-ofs-built-environment-design,health-and-symptom-management,,F,0,0,,0,0,0,0,0,0,0,,0,0,,0,,,0,,0,0,0,0,0,0,0,0,0,0,0
56,post-occupancy-evaluation-global,frameworks-and-methodology,,F,0,0,,0,0,0,0,0,0,0,,0,0,,0,,,0,,0,0,0,0,0,0,0,0,0,0,0
57,reach-range-and-accessible-controls,controls-and-hardware,,F,0,0,,0,0,0,0,0,0,0,,0,0,,0,,,0,,0,0,0,0,0,0,0,0,0,0,0
58,residential-accessible-home-case-studies,frameworks-and-methodology,,F,0,0,,0,0,0,0,0,0,0,,0,0,,0,,,0,,0,0,0,0,0,0,0,0,0,0,0
59,residential-dar-provisions-priority-register,frameworks-and-methodology,,F,0,0,,0,0,0,0,0,0,0,,0,0,,0,,,0,,0,0,0,0,0,0,0,0,0,0,0
60,residential-entry-and-threshold,entrances-and-circulation,,F,0,0,,0,0,0,0,0,0,0,,0,0,,0,,,0,,0,0,0,0,0,0,0,0,0,0,0
61,residential-kitchen-and-task-surfaces,kitchens-and-workspaces,,F,0,0,,0,0,0,0,0,0,0,,0,0,,0,,,0,,0,0,0,0,0,0,0,0,0,0,0
62,room-acoustic-performance,sensory-environment,,F,0,0,,0,0,0,0,0,0,0,,0,0,,0,,,0,,0,0,0,0,0,0,0,0,0,0,0
63,school-environment-autism,sensory-environment,,F,0,0,,0,0,0,0,0,0,0,,0,0,,0,,,0,,0,0,0,0,0,0,0,0,0,0,0
64,sensory-processing-model-design-application,sensory-environment,,F,0,0,,0,0,0,0,0,0,0,,0,0,,0,,,0,,0,0,0,0,0,0,0,0,0,0,0
65,sensory-relief-space-design,sensory-environment,,F,0,0,,0,0,0,0,0,0,0,,0,0,,0,,,0,,0,0,0,0,0,0,0,0,0,0,0
66,sensory-room-user-control,sensory-environment,,F,0,0,,0,0,0,0,0,0,0,,0,0,,0,,,0,,0,0,0,0,0,0,0,0,0,0,0
67,sensory-space-global-south,sensory-environment,,F,0,0,,0,0,0,0,0,0,0,,0,0,,0,,,0,,0,0,0,0,0,0,0,0,0,0,0
68,therapeutic-lighting-design,sensory-environment,,F,0,0,,0,0,0,0,0,0,0,,0,0,,0,,,0,,0,0,0,0,0,0,0,0,0,0,0
69,thermal-comfort-older-adults-care-settings,health-and-symptom-management,,F,0,0,,0,0,0,0,0,0,0,,0,0,,0,,,0,,0,0,0,0,0,0,0,0,0,0,0
70,thermoregulation-built-environment,health-and-symptom-management,,F,0,0,,0,0,0,0,0,0,0,,0,0,,0,,,0,,0,0,0,0,0,0,0,0,0,0,0
71,threshold-door-hardware,entrances-and-circulation,,F,0,0,,0,0,0,0,0,0,0,,0,0,,0,,,0,,0,0,0,0,0,0,0,0,0,0,0
72,upper-limb-impairment-built-environment,population-general,,F,0,0,,0,0,0,0,0,0,0,,0,0,,0,,,0,,0,0,0,0,0,0,0,0,0,0,0
73,vestibular-balance-built-environment,health-and-symptom-management,,F,0,0,,0,0,0,0,0,0,0,,0,0,,0,,,0,,0,0,0,0,0,0,0,0,0,0,0
74,visitability-residential-accessibility-minimum-standards,frameworks-and-methodology,,F,0,0,,0,0,0,0,0,0,0,,0,0,,0,,,0,,0,0,0,0,0,0,0,0,0,0,0
75,visual-alerting-and-wayfinding-light,wayfinding-and-signage,,F,0,0,,0,0,0,0,0,0,0,,0,0,,0,,,0,,0,0,0,0,0,0,0,0,0,0,0
76,visual-fire-alarm-seizure-safety,sensory-environment,,F,0,0,,0,0,0,0,0,0,0,,0,0,,0,,,0,,0,0,0,0,0,0,0,0,0,0,0
77,visual-impairment-built-environment,population-general,,F,0,0,,0,0,0,0,0,0,0,,0,0,,0,,,0,,0,0,0,0,0,0,0,0,0,0,0
78,wayfinding-cognitive-science-spatial-design,wayfinding-and-signage,,F,0,0,,0,0,0,0,0,0,0,,0,0,,0,,,0,,0,0,0,0,0,0,0,0,0,0,0
79,wayfinding-dementia-spatial-design,wayfinding-and-signage,,F,0,0,,0,0,0,0,0,0,0,,0,0,,0,,,0,,0,0,0,0,0,0,0,0,0,0,0
80,wayfinding-global-south,wayfinding-and-signage,,F,0,0,,0,0,0,0,0,0,0,,0,0,,0,,,0,,0,0,0,0,0,0,0,0,0,0,0
